league,season,game,Team,Player,jersey_number,nation,Position,Age,Minutes,Goals,Assists,Penalty_Goals,Penalty_Attempts,Shots,Shots_On_Target,Yellow_Cards,Red_Cards,Fouls_Committed,Fouls_Drawn,Offsides,Crosses,Tackles_Won,Interceptions,Own_Goals,Penalties_Won,Penalties_Conceded,game_id,Match_Date,Match_Week,Match_Day,Kickoff_Time,Home_Team,Away_Team,Match_Score,Venue,Attendance,Referee,Match_Report
ENG-Premier League,2526,2025-08-17 Manchester Utd-Arsenal,Arsenal,Ben White,4,ENG,RB,27-313,70,0,0,0,0,1,0,0,0,2,0,0,1,1,1,0,0,0,643d26fd,8/17/2025,1,Sun,16:30,Manchester Utd,Arsenal,0–1,Old Trafford,73475,Simon Hooper,/en/matches/643d26fd/Manchester-United-Arsenal-August-17-2025-Premier-League
ENG-Premier League,2526,2025-08-17 Manchester Utd-Arsenal,Arsenal,Bukayo Saka,7,ENG,FW,23-346,90,0,0,0,0,1,0,0,0,0,0,0,5,2,0,0,0,0,643d26fd,8/17/2025,1,Sun,16:30,Manchester Utd,Arsenal,0–1,Old Trafford,73475,Simon Hooper,/en/matches/643d26fd/Manchester-United-Arsenal-August-17-2025-Premier-League
ENG-Premier League,2526,2025-08-17 Manchester Utd-Arsenal,Arsenal,David Raya,1,ESP,GK,29-336,90,0,0,0,0,0,0,1,0,0,0,0,0,0,0,0,0,0,643d26fd,8/17/2025,1,Sun,16:30,Manchester Utd,Arsenal,0–1,Old Trafford,73475,Simon Hooper,/en/matches/643d26fd/Manchester-United-Arsenal-August-17-2025-Premier-League
ENG-Premier League,2526,2025-08-17 Manchester Utd-Arsenal,Arsenal,Declan Rice,41,ENG,CM,26-215,82,0,0,0,0,3,0,0,0,1,0,0,2,0,0,0,0,0,643d26fd,8/17/2025,1,Sun,16:30,Manchester Utd,Arsenal,0–1,Old Trafford,73475,Simon Hooper,/en/matches/643d26fd/Manchester-United-Arsenal-August-17-2025-Premier-League
ENG-Premier League,2526,2025-08-17 Manchester Utd-Arsenal,Arsenal,Gabriel Magalhães,6,BRA,CB,27-241,90,0,0,0,0,0,0,0,0,1,2,0,0,1,0,0,0,0,643d26fd,8/17/2025,1,Sun,16:30,Manchester Utd,Arsenal,0–1,Old Trafford,73475,Simon Hooper,/en/matches/643d26fd/Manchester-United-Arsenal-August-17-2025-Premier-League
ENG-Premier League,2526,2025-08-17 Manchester Utd-Arsenal,Arsenal,Gabriel Martinelli,11,BRA,FW,24-060,59,0,0,0,0,1,1,0,0,0,1,0,0,1,0,0,0,0,643d26fd,8/17/2025,1,Sun,16:30,Manchester Utd,Arsenal,0–1,Old Trafford,73475,Simon Hooper,/en/matches/643d26fd/Manchester-United-Arsenal-August-17-2025-Premier-League
ENG-Premier League,2526,2025-08-17 Manchester Utd-Arsenal,Arsenal,Jurriën Timber,12,NED,DF,24-061,20,0,0,0,0,0,0,1,0,2,1,0,0,1,0,0,0,0,643d26fd,8/17/2025,1,Sun,16:30,Manchester Utd,Arsenal,0–1,Old Trafford,73475,Simon Hooper,/en/matches/643d26fd/Manchester-United-Arsenal-August-17-2025-Premier-League
ENG-Premier League,2526,2025-08-17 Manchester Utd-Arsenal,Arsenal,Kai Havertz,29,GER,"FW,MF",26-067,31,0,0,0,0,0,0,0,0,0,2,0,0,0,0,0,0,0,643d26fd,8/17/2025,1,Sun,16:30,Manchester Utd,Arsenal,0–1,Old Trafford,73475,Simon Hooper,/en/matches/643d26fd/Manchester-United-Arsenal-August-17-2025-Premier-League
ENG-Premier League,2526,2025-08-17 Manchester Utd-Arsenal,Arsenal,Martin Ødegaard,8,NOR,CM,26-243,90,0,0,0,0,2,1,0,0,1,1,0,0,0,1,0,0,0,643d26fd,8/17/2025,1,Sun,16:30,Manchester Utd,Arsenal,0–1,Old Trafford,73475,Simon Hooper,/en/matches/643d26fd/Manchester-United-Arsenal-August-17-2025-Premier-League
ENG-Premier League,2526,2025-08-17 Manchester Utd-Arsenal,Arsenal,Martín Zubimendi,36,ESP,CM,26-196,90,0,0,0,0,0,0,0,0,2,0,0,0,2,1,0,0,0,643d26fd,8/17/2025,1,Sun,16:30,Manchester Utd,Arsenal,0–1,Old Trafford,73475,Simon Hooper,/en/matches/643d26fd/Manchester-United-Arsenal-August-17-2025-Premier-League
ENG-Premier League,2526,2025-08-17 Manchester Utd-Arsenal,Arsenal,Mikel Merino,23,ESP,MF,29-056,8,0,0,0,0,0,0,0,0,1,0,0,0,0,0,0,0,0,643d26fd,8/17/2025,1,Sun,16:30,Manchester Utd,Arsenal,0–1,Old Trafford,73475,Simon Hooper,/en/matches/643d26fd/Manchester-United-Arsenal-August-17-2025-Premier-League
ENG-Premier League,2526,2025-08-17 Manchester Utd-Arsenal,Arsenal,Myles Lewis-Skelly,49,ENG,DF,18-325,19,0,0,0,0,0,0,1,0,1,0,0,0,0,0,0,0,0,643d26fd,8/17/2025,1,Sun,16:30,Manchester Utd,Arsenal,0–1,Old Trafford,73475,Simon Hooper,/en/matches/643d26fd/Manchester-United-Arsenal-August-17-2025-Premier-League
ENG-Premier League,2526,2025-08-17 Manchester Utd-Arsenal,Arsenal,Noni Madueke,20,ENG,"FW,MF",23-160,31,0,0,0,0,0,0,0,0,1,1,0,0,0,0,0,0,0,643d26fd,8/17/2025,1,Sun,16:30,Manchester Utd,Arsenal,0–1,Old Trafford,73475,Simon Hooper,/en/matches/643d26fd/Manchester-United-Arsenal-August-17-2025-Premier-League
ENG-Premier League,2526,2025-08-17 Manchester Utd-Arsenal,Arsenal,Riccardo Calafiori,33,ITA,LB,23-090,71,1,0,0,0,1,1,1,0,2,0,1,1,1,1,0,0,0,643d26fd,8/17/2025,1,Sun,16:30,Manchester Utd,Arsenal,0–1,Old Trafford,73475,Simon Hooper,/en/matches/643d26fd/Manchester-United-Arsenal-August-17-2025-Premier-League
ENG-Premier League,2526,2025-08-17 Manchester Utd-Arsenal,Arsenal,Viktor Gyökeres,14,SWE,FW,27-074,59,0,0,0,0,0,0,0,0,3,2,1,2,0,0,0,0,0,643d26fd,8/17/2025,1,Sun,16:30,Manchester Utd,Arsenal,0–1,Old Trafford,73475,Simon Hooper,/en/matches/643d26fd/Manchester-United-Arsenal-August-17-2025-Premier-League
ENG-Premier League,2526,2025-08-17 Manchester Utd-Arsenal,Arsenal,William Saliba,2,FRA,CB,24-146,90,0,0,0,0,0,0,0,0,2,0,0,0,1,1,0,0,0,643d26fd,8/17/2025,1,Sun,16:30,Manchester Utd,Arsenal,0–1,Old Trafford,73475,Simon Hooper,/en/matches/643d26fd/Manchester-United-Arsenal-August-17-2025-Premier-League
ENG-Premier League,2526,2025-08-23 Arsenal-Leeds United,Arsenal,Bukayo Saka,7,ENG,FW,23-352,52,1,0,0,0,1,1,0,0,0,1,0,2,0,0,0,0,0,e8724659,8/23/2025,2,Sat,17:30,Arsenal,Leeds United,5–0,Emirates Stadium,60110,Jarred Gillett,/en/matches/e8724659/Arsenal-Leeds-United-August-23-2025-Premier-League
ENG-Premier League,2526,2025-08-23 Arsenal-Leeds United,Arsenal,Cristhian Mosquera,3,ESP,DF,21-057,27,0,0,0,0,0,0,0,0,0,0,0,0,2,0,0,0,0,e8724659,8/23/2025,2,Sat,17:30,Arsenal,Leeds United,5–0,Emirates Stadium,60110,Jarred Gillett,/en/matches/e8724659/Arsenal-Leeds-United-August-23-2025-Premier-League
ENG-Premier League,2526,2025-08-23 Arsenal-Leeds United,Arsenal,David Raya,1,ESP,GK,29-342,90,0,0,0,0,0,0,0,0,0,0,0,1,0,0,0,0,0,e8724659,8/23/2025,2,Sat,17:30,Arsenal,Leeds United,5–0,Emirates Stadium,60110,Jarred Gillett,/en/matches/e8724659/Arsenal-Leeds-United-August-23-2025-Premier-League
ENG-Premier League,2526,2025-08-23 Arsenal-Leeds United,Arsenal,Declan Rice,41,ENG,CM,26-221,90,0,1,0,0,0,0,0,0,1,0,0,4,0,0,0,0,0,e8724659,8/23/2025,2,Sat,17:30,Arsenal,Leeds United,5–0,Emirates Stadium,60110,Jarred Gillett,/en/matches/e8724659/Arsenal-Leeds-United-August-23-2025-Premier-League
ENG-Premier League,2526,2025-08-23 Arsenal-Leeds United,Arsenal,Ethan Nwaneri,22,ENG,MF,18-155,53,0,0,0,0,1,0,0,0,0,0,0,1,0,0,0,0,0,e8724659,8/23/2025,2,Sat,17:30,Arsenal,Leeds United,5–0,Emirates Stadium,60110,Jarred Gillett,/en/matches/e8724659/Arsenal-Leeds-United-August-23-2025-Premier-League
ENG-Premier League,2526,2025-08-23 Arsenal-Leeds United,Arsenal,Gabriel Magalhães,6,BRA,CB,27-247,90,0,0,0,0,1,0,0,0,0,1,0,0,0,1,0,0,0,e8724659,8/23/2025,2,Sat,17:30,Arsenal,Leeds United,5–0,Emirates Stadium,60110,Jarred Gillett,/en/matches/e8724659/Arsenal-Leeds-United-August-23-2025-Premier-League
ENG-Premier League,2526,2025-08-23 Arsenal-Leeds United,Arsenal,Jurriën Timber,12,NED,RB,24-067,63,2,1,0,0,3,2,0,0,0,0,0,0,1,2,0,0,0,e8724659,8/23/2025,2,Sat,17:30,Arsenal,Leeds United,5–0,Emirates Stadium,60110,Jarred Gillett,/en/matches/e8724659/Arsenal-Leeds-United-August-23-2025-Premier-League
ENG-Premier League,2526,2025-08-23 Arsenal-Leeds United,Arsenal,Leandro Trossard,19,BEL,"FW,MF",30-262,38,0,0,0,0,1,0,0,0,0,0,0,2,0,0,0,0,0,e8724659,8/23/2025,2,Sat,17:30,Arsenal,Leeds United,5–0,Emirates Stadium,60110,Jarred Gillett,/en/matches/e8724659/Arsenal-Leeds-United-August-23-2025-Premier-League
ENG-Premier League,2526,2025-08-23 Arsenal-Leeds United,Arsenal,Martin Ødegaard,8,NOR,CM,26-249,37,0,0,0,0,2,0,0,0,0,1,0,2,1,0,0,0,0,e8724659,8/23/2025,2,Sat,17:30,Arsenal,Leeds United,5–0,Emirates Stadium,60110,Jarred Gillett,/en/matches/e8724659/Arsenal-Leeds-United-August-23-2025-Premier-League
ENG-Premier League,2526,2025-08-23 Arsenal-Leeds United,Arsenal,Martín Zubimendi,36,ESP,CM,26-202,90,0,0,0,0,1,0,0,0,2,1,0,0,2,1,0,0,0,e8724659,8/23/2025,2,Sat,17:30,Arsenal,Leeds United,5–0,Emirates Stadium,60110,Jarred Gillett,/en/matches/e8724659/Arsenal-Leeds-United-August-23-2025-Premier-League
ENG-Premier League,2526,2025-08-23 Arsenal-Leeds United,Arsenal,Max Dowman,56,ENG,MF,15-235,27,0,0,0,0,2,0,0,0,0,2,0,0,2,0,0,0,0,e8724659,8/23/2025,2,Sat,17:30,Arsenal,Leeds United,5–0,Emirates Stadium,60110,Jarred Gillett,/en/matches/e8724659/Arsenal-Leeds-United-August-23-2025-Premier-League
ENG-Premier League,2526,2025-08-23 Arsenal-Leeds United,Arsenal,Myles Lewis-Skelly,49,ENG,DF,18-331,27,0,0,0,0,0,0,0,0,1,1,0,0,1,0,0,0,0,e8724659,8/23/2025,2,Sat,17:30,Arsenal,Leeds United,5–0,Emirates Stadium,60110,Jarred Gillett,/en/matches/e8724659/Arsenal-Leeds-United-August-23-2025-Premier-League
ENG-Premier League,2526,2025-08-23 Arsenal-Leeds United,Arsenal,Noni Madueke,20,ENG,FW,23-166,63,0,0,0,0,0,0,0,0,1,1,0,4,0,0,0,0,0,e8724659,8/23/2025,2,Sat,17:30,Arsenal,Leeds United,5–0,Emirates Stadium,60110,Jarred Gillett,/en/matches/e8724659/Arsenal-Leeds-United-August-23-2025-Premier-League
ENG-Premier League,2526,2025-08-23 Arsenal-Leeds United,Arsenal,Riccardo Calafiori,33,ITA,LB,23-096,63,0,2,0,0,3,0,0,0,1,0,0,3,0,0,0,0,0,e8724659,8/23/2025,2,Sat,17:30,Arsenal,Leeds United,5–0,Emirates Stadium,60110,Jarred Gillett,/en/matches/e8724659/Arsenal-Leeds-United-August-23-2025-Premier-League
ENG-Premier League,2526,2025-08-23 Arsenal-Leeds United,Arsenal,Viktor Gyökeres,14,SWE,FW,27-080,90,2,0,1,1,3,2,0,0,1,2,0,0,0,0,0,0,0,e8724659,8/23/2025,2,Sat,17:30,Arsenal,Leeds United,5–0,Emirates Stadium,60110,Jarred Gillett,/en/matches/e8724659/Arsenal-Leeds-United-August-23-2025-Premier-League
ENG-Premier League,2526,2025-08-23 Arsenal-Leeds United,Arsenal,William Saliba,2,FRA,CB,24-152,90,0,0,0,0,0,0,0,0,1,1,0,0,0,1,0,0,0,e8724659,8/23/2025,2,Sat,17:30,Arsenal,Leeds United,5–0,Emirates Stadium,60110,Jarred Gillett,/en/matches/e8724659/Arsenal-Leeds-United-August-23-2025-Premier-League
ENG-Premier League,2526,2025-08-31 Liverpool-Arsenal,Arsenal,Cristhian Mosquera,3,ESP,DF,21-065,86,0,0,0,0,0,0,0,0,0,0,0,0,2,0,0,0,0,b0005978,8/31/2025,3,Sun,16:30,Liverpool,Arsenal,1–0,Anfield,60455,Chris Kavanagh,/en/matches/b0005978/Liverpool-Arsenal-August-31-2025-Premier-League
ENG-Premier League,2526,2025-08-31 Liverpool-Arsenal,Arsenal,David Raya,1,ESP,GK,29-350,90,0,0,0,0,0,0,0,0,0,0,0,0,0,0,0,0,0,b0005978,8/31/2025,3,Sun,16:30,Liverpool,Arsenal,1–0,Anfield,60455,Chris Kavanagh,/en/matches/b0005978/Liverpool-Arsenal-August-31-2025-Premier-League
ENG-Premier League,2526,2025-08-31 Liverpool-Arsenal,Arsenal,Declan Rice,41,ENG,CM,26-229,90,0,0,0,0,1,0,0,0,1,0,0,7,0,3,0,0,0,b0005978,8/31/2025,3,Sun,16:30,Liverpool,Arsenal,1–0,Anfield,60455,Chris Kavanagh,/en/matches/b0005978/Liverpool-Arsenal-August-31-2025-Premier-League
ENG-Premier League,2526,2025-08-31 Liverpool-Arsenal,Arsenal,Eberechi Eze,10,ENG,"FW,MF",27-063,21,0,0,0,0,0,0,0,0,0,0,0,0,0,0,0,0,0,b0005978,8/31/2025,3,Sun,16:30,Liverpool,Arsenal,1–0,Anfield,60455,Chris Kavanagh,/en/matches/b0005978/Liverpool-Arsenal-August-31-2025-Premier-League
ENG-Premier League,2526,2025-08-31 Liverpool-Arsenal,Arsenal,Gabriel Magalhães,6,BRA,CB,27-255,90,0,0,0,0,1,0,0,0,1,0,0,0,0,1,0,0,0,b0005978,8/31/2025,3,Sun,16:30,Liverpool,Arsenal,1–0,Anfield,60455,Chris Kavanagh,/en/matches/b0005978/Liverpool-Arsenal-August-31-2025-Premier-League
ENG-Premier League,2526,2025-08-31 Liverpool-Arsenal,Arsenal,Gabriel Martinelli,11,BRA,FW,24-074,69,0,0,0,0,0,0,0,0,0,1,0,1,1,0,0,0,0,b0005978,8/31/2025,3,Sun,16:30,Liverpool,Arsenal,1–0,Anfield,60455,Chris Kavanagh,/en/matches/b0005978/Liverpool-Arsenal-August-31-2025-Premier-League
ENG-Premier League,2526,2025-08-31 Liverpool-Arsenal,Arsenal,Jurriën Timber,12,NED,RB,24-075,90,0,0,0,0,1,0,0,0,2,1,0,2,1,0,0,0,0,b0005978,8/31/2025,3,Sun,16:30,Liverpool,Arsenal,1–0,Anfield,60455,Chris Kavanagh,/en/matches/b0005978/Liverpool-Arsenal-August-31-2025-Premier-League
ENG-Premier League,2526,2025-08-31 Liverpool-Arsenal,Arsenal,Martin Ødegaard,8,NOR,"FW,MF",26-257,21,0,0,0,0,0,0,0,0,0,0,0,1,0,0,0,0,0,b0005978,8/31/2025,3,Sun,16:30,Liverpool,Arsenal,1–0,Anfield,60455,Chris Kavanagh,/en/matches/b0005978/Liverpool-Arsenal-August-31-2025-Premier-League
ENG-Premier League,2526,2025-08-31 Liverpool-Arsenal,Arsenal,Martín Zubimendi,36,ESP,CM,26-210,90,0,0,0,0,1,0,1,0,3,0,0,0,0,1,0,0,0,b0005978,8/31/2025,3,Sun,16:30,Liverpool,Arsenal,1–0,Anfield,60455,Chris Kavanagh,/en/matches/b0005978/Liverpool-Arsenal-August-31-2025-Premier-League
ENG-Premier League,2526,2025-08-31 Liverpool-Arsenal,Arsenal,Max Dowman,56,ENG,MF,15-243,2,0,0,0,0,1,0,0,0,0,0,0,0,0,0,0,0,0,b0005978,8/31/2025,3,Sun,16:30,Liverpool,Arsenal,1–0,Anfield,60455,Chris Kavanagh,/en/matches/b0005978/Liverpool-Arsenal-August-31-2025-Premier-League
ENG-Premier League,2526,2025-08-31 Liverpool-Arsenal,Arsenal,Mikel Merino,23,ESP,CM,29-070,69,0,0,0,0,0,0,0,0,1,0,0,1,1,0,0,0,0,b0005978,8/31/2025,3,Sun,16:30,Liverpool,Arsenal,1–0,Anfield,60455,Chris Kavanagh,/en/matches/b0005978/Liverpool-Arsenal-August-31-2025-Premier-League
ENG-Premier League,2526,2025-08-31 Liverpool-Arsenal,Arsenal,Noni Madueke,20,ENG,FW,23-174,88,0,0,0,0,3,1,0,0,2,0,0,2,0,0,0,0,0,b0005978,8/31/2025,3,Sun,16:30,Liverpool,Arsenal,1–0,Anfield,60455,Chris Kavanagh,/en/matches/b0005978/Liverpool-Arsenal-August-31-2025-Premier-League
ENG-Premier League,2526,2025-08-31 Liverpool-Arsenal,Arsenal,Riccardo Calafiori,33,ITA,LB,23-104,90,0,0,0,0,3,0,0,0,0,2,0,2,1,3,0,0,0,b0005978,8/31/2025,3,Sun,16:30,Liverpool,Arsenal,1–0,Anfield,60455,Chris Kavanagh,/en/matches/b0005978/Liverpool-Arsenal-August-31-2025-Premier-League
ENG-Premier League,2526,2025-08-31 Liverpool-Arsenal,Arsenal,Viktor Gyökeres,14,SWE,FW,27-088,90,0,0,0,0,0,0,1,0,0,3,0,1,0,0,0,0,0,b0005978,8/31/2025,3,Sun,16:30,Liverpool,Arsenal,1–0,Anfield,60455,Chris Kavanagh,/en/matches/b0005978/Liverpool-Arsenal-August-31-2025-Premier-League
ENG-Premier League,2526,2025-08-31 Liverpool-Arsenal,Arsenal,William Saliba,2,FRA,CB,24-160,4,0,0,0,0,0,0,0,0,0,0,0,0,0,1,0,0,0,b0005978,8/31/2025,3,Sun,16:30,Liverpool,Arsenal,1–0,Anfield,60455,Chris Kavanagh,/en/matches/b0005978/Liverpool-Arsenal-August-31-2025-Premier-League
ENG-Premier League,2526,2025-09-13 Arsenal-Nottingham Forest,Arsenal,Cristhian Mosquera,3,ESP,CB,21-078,90,0,0,0,0,0,0,0,0,0,0,1,0,2,2,0,0,0,4fe3e679,9/13/2025,4,Sat,12:30,Arsenal,Nottingham Forest,3–0,Emirates Stadium,60167,Darren England,/en/matches/4fe3e679/Arsenal-Nottingham-Forest-September-13-2025-Premier-League
ENG-Premier League,2526,2025-09-13 Arsenal-Nottingham Forest,Arsenal,David Raya,1,ESP,GK,29-363,90,0,0,0,0,0,0,0,0,0,0,0,0,0,0,0,0,0,4fe3e679,9/13/2025,4,Sat,12:30,Arsenal,Nottingham Forest,3–0,Emirates Stadium,60167,Darren England,/en/matches/4fe3e679/Arsenal-Nottingham-Forest-September-13-2025-Premier-League
ENG-Premier League,2526,2025-09-13 Arsenal-Nottingham Forest,Arsenal,Declan Rice,41,ENG,"DF,MF",26-242,23,0,0,0,0,0,0,0,0,0,0,0,0,1,0,0,0,0,4fe3e679,9/13/2025,4,Sat,12:30,Arsenal,Nottingham Forest,3–0,Emirates Stadium,60167,Darren England,/en/matches/4fe3e679/Arsenal-Nottingham-Forest-September-13-2025-Premier-League
ENG-Premier League,2526,2025-09-13 Arsenal-Nottingham Forest,Arsenal,Eberechi Eze,10,ENG,FW,27-076,78,0,1,0,0,2,0,0,0,0,1,1,2,0,0,0,0,0,4fe3e679,9/13/2025,4,Sat,12:30,Arsenal,Nottingham Forest,3–0,Emirates Stadium,60167,Darren England,/en/matches/4fe3e679/Arsenal-Nottingham-Forest-September-13-2025-Premier-League
ENG-Premier League,2526,2025-09-13 Arsenal-Nottingham Forest,Arsenal,Ethan Nwaneri,22,ENG,MF,18-176,73,0,0,0,0,3,0,0,0,1,0,0,0,0,0,0,0,0,4fe3e679,9/13/2025,4,Sat,12:30,Arsenal,Nottingham Forest,3–0,Emirates Stadium,60167,Darren England,/en/matches/4fe3e679/Arsenal-Nottingham-Forest-September-13-2025-Premier-League
ENG-Premier League,2526,2025-09-13 Arsenal-Nottingham Forest,Arsenal,Gabriel Magalhães,6,BRA,CB,27-268,90,0,0,0,0,2,0,0,0,0,2,0,0,2,2,0,0,0,4fe3e679,9/13/2025,4,Sat,12:30,Arsenal,Nottingham Forest,3–0,Emirates Stadium,60167,Darren England,/en/matches/4fe3e679/Arsenal-Nottingham-Forest-September-13-2025-Premier-League
ENG-Premier League,2526,2025-09-13 Arsenal-Nottingham Forest,Arsenal,Gabriel Martinelli,11,BRA,"FW,MF",24-087,13,0,0,0,0,0,0,0,0,0,0,0,1,0,0,0,0,0,4fe3e679,9/13/2025,4,Sat,12:30,Arsenal,Nottingham Forest,3–0,Emirates Stadium,60167,Darren England,/en/matches/4fe3e679/Arsenal-Nottingham-Forest-September-13-2025-Premier-League
ENG-Premier League,2526,2025-09-13 Arsenal-Nottingham Forest,Arsenal,Jurriën Timber,12,NED,RB,24-088,90,0,0,0,0,1,1,0,0,1,2,0,0,0,0,0,0,0,4fe3e679,9/13/2025,4,Sat,12:30,Arsenal,Nottingham Forest,3–0,Emirates Stadium,60167,Darren England,/en/matches/4fe3e679/Arsenal-Nottingham-Forest-September-13-2025-Premier-League
ENG-Premier League,2526,2025-09-13 Arsenal-Nottingham Forest,Arsenal,Leandro Trossard,19,BEL,"FW,MF",30-283,12,0,1,0,0,0,0,0,0,0,0,0,0,0,0,0,0,0,4fe3e679,9/13/2025,4,Sat,12:30,Arsenal,Nottingham Forest,3–0,Emirates Stadium,60167,Darren England,/en/matches/4fe3e679/Arsenal-Nottingham-Forest-September-13-2025-Premier-League
ENG-Premier League,2526,2025-09-13 Arsenal-Nottingham Forest,Arsenal,Martin Ødegaard,8,NOR,CM,26-270,17,0,0,0,0,0,0,0,0,0,0,0,1,0,0,0,0,0,4fe3e679,9/13/2025,4,Sat,12:30,Arsenal,Nottingham Forest,3–0,Emirates Stadium,60167,Darren England,/en/matches/4fe3e679/Arsenal-Nottingham-Forest-September-13-2025-Premier-League
ENG-Premier League,2526,2025-09-13 Arsenal-Nottingham Forest,Arsenal,Martín Zubimendi,36,ESP,CM,26-223,90,2,0,0,0,3,2,0,0,1,0,0,0,0,0,0,0,0,4fe3e679,9/13/2025,4,Sat,12:30,Arsenal,Nottingham Forest,3–0,Emirates Stadium,60167,Darren England,/en/matches/4fe3e679/Arsenal-Nottingham-Forest-September-13-2025-Premier-League
ENG-Premier League,2526,2025-09-13 Arsenal-Nottingham Forest,Arsenal,Mikel Merino,23,ESP,CM,29-083,90,0,0,0,0,1,1,0,0,1,2,0,0,0,0,0,0,0,4fe3e679,9/13/2025,4,Sat,12:30,Arsenal,Nottingham Forest,3–0,Emirates Stadium,60167,Darren England,/en/matches/4fe3e679/Arsenal-Nottingham-Forest-September-13-2025-Premier-League
ENG-Premier League,2526,2025-09-13 Arsenal-Nottingham Forest,Arsenal,Myles Lewis-Skelly,49,ENG,DF,18-352,23,0,0,0,0,0,0,0,0,1,1,0,0,0,0,0,0,0,4fe3e679,9/13/2025,4,Sat,12:30,Arsenal,Nottingham Forest,3–0,Emirates Stadium,60167,Darren England,/en/matches/4fe3e679/Arsenal-Nottingham-Forest-September-13-2025-Premier-League
ENG-Premier League,2526,2025-09-13 Arsenal-Nottingham Forest,Arsenal,Noni Madueke,20,ENG,FW,23-187,77,0,0,0,0,0,0,0,0,1,2,0,14,2,1,0,0,0,4fe3e679,9/13/2025,4,Sat,12:30,Arsenal,Nottingham Forest,3–0,Emirates Stadium,60167,Darren England,/en/matches/4fe3e679/Arsenal-Nottingham-Forest-September-13-2025-Premier-League
ENG-Premier League,2526,2025-09-13 Arsenal-Nottingham Forest,Arsenal,Riccardo Calafiori,33,ITA,LB,23-117,67,0,0,0,0,0,0,1,0,2,0,0,2,1,1,0,0,0,4fe3e679,9/13/2025,4,Sat,12:30,Arsenal,Nottingham Forest,3–0,Emirates Stadium,60167,Darren England,/en/matches/4fe3e679/Arsenal-Nottingham-Forest-September-13-2025-Premier-League
ENG-Premier League,2526,2025-09-13 Arsenal-Nottingham Forest,Arsenal,Viktor Gyökeres,14,SWE,FW,27-101,67,1,0,0,0,4,1,0,0,0,0,0,0,1,0,0,0,0,4fe3e679,9/13/2025,4,Sat,12:30,Arsenal,Nottingham Forest,3–0,Emirates Stadium,60167,Darren England,/en/matches/4fe3e679/Arsenal-Nottingham-Forest-September-13-2025-Premier-League
ENG-Premier League,2526,2025-09-21 Arsenal-Manchester City,Arsenal,Bukayo Saka,7,ENG,"FW,MF",24-016,45,0,0,0,0,1,0,0,0,3,3,2,4,0,0,0,0,0,2045939c,9/21/2025,5,Sun,16:30,Arsenal,Manchester City,1–1,Emirates Stadium,60161,Stuart Attwell,/en/matches/2045939c/Arsenal-Manchester-City-September-21-2025-Premier-League
ENG-Premier League,2526,2025-09-21 Arsenal-Manchester City,Arsenal,Cristhian Mosquera,3,ESP,DF,21-086,1,0,0,0,0,0,0,0,0,0,0,0,0,0,0,0,0,0,2045939c,9/21/2025,5,Sun,16:30,Arsenal,Manchester City,1–1,Emirates Stadium,60161,Stuart Attwell,/en/matches/2045939c/Arsenal-Manchester-City-September-21-2025-Premier-League
ENG-Premier League,2526,2025-09-21 Arsenal-Manchester City,Arsenal,David Raya,1,ESP,GK,30-006,90,0,0,0,0,0,0,0,0,0,1,0,0,0,0,0,0,0,2045939c,9/21/2025,5,Sun,16:30,Arsenal,Manchester City,1–1,Emirates Stadium,60161,Stuart Attwell,/en/matches/2045939c/Arsenal-Manchester-City-September-21-2025-Premier-League
ENG-Premier League,2526,2025-09-21 Arsenal-Manchester City,Arsenal,Declan Rice,41,ENG,CM,26-250,90,0,0,0,0,0,0,0,0,1,0,0,9,1,0,0,0,0,2045939c,9/21/2025,5,Sun,16:30,Arsenal,Manchester City,1–1,Emirates Stadium,60161,Stuart Attwell,/en/matches/2045939c/Arsenal-Manchester-City-September-21-2025-Premier-League
ENG-Premier League,2526,2025-09-21 Arsenal-Manchester City,Arsenal,Eberechi Eze,10,ENG,"FW,MF",27-084,45,0,1,0,0,1,1,0,0,0,1,0,0,1,0,0,0,0,2045939c,9/21/2025,5,Sun,16:30,Arsenal,Manchester City,1–1,Emirates Stadium,60161,Stuart Attwell,/en/matches/2045939c/Arsenal-Manchester-City-September-21-2025-Premier-League
ENG-Premier League,2526,2025-09-21 Arsenal-Manchester City,Arsenal,Ethan Nwaneri,22,ENG,MF,18-184,7,0,0,0,0,0,0,0,0,0,0,0,1,0,0,0,0,0,2045939c,9/21/2025,5,Sun,16:30,Arsenal,Manchester City,1–1,Emirates Stadium,60161,Stuart Attwell,/en/matches/2045939c/Arsenal-Manchester-City-September-21-2025-Premier-League
ENG-Premier League,2526,2025-09-21 Arsenal-Manchester City,Arsenal,Gabriel Magalhães,6,BRA,CB,27-276,90,0,0,0,0,0,0,0,0,1,1,0,0,1,0,0,0,0,2045939c,9/21/2025,5,Sun,16:30,Arsenal,Manchester City,1–1,Emirates Stadium,60161,Stuart Attwell,/en/matches/2045939c/Arsenal-Manchester-City-September-21-2025-Premier-League
ENG-Premier League,2526,2025-09-21 Arsenal-Manchester City,Arsenal,Gabriel Martinelli,11,BRA,"FW,MF",24-095,11,1,0,0,0,1,1,0,0,0,0,0,0,0,0,0,0,0,2045939c,9/21/2025,5,Sun,16:30,Arsenal,Manchester City,1–1,Emirates Stadium,60161,Stuart Attwell,/en/matches/2045939c/Arsenal-Manchester-City-September-21-2025-Premier-League
ENG-Premier League,2526,2025-09-21 Arsenal-Manchester City,Arsenal,Jurriën Timber,12,NED,RB,24-096,79,0,0,0,0,0,0,1,0,1,1,0,4,6,1,0,0,0,2045939c,9/21/2025,5,Sun,16:30,Arsenal,Manchester City,1–1,Emirates Stadium,60161,Stuart Attwell,/en/matches/2045939c/Arsenal-Manchester-City-September-21-2025-Premier-League
ENG-Premier League,2526,2025-09-21 Arsenal-Manchester City,Arsenal,Leandro Trossard,19,BEL,FW,30-291,83,0,0,0,0,2,0,0,0,0,0,1,3,1,2,0,0,0,2045939c,9/21/2025,5,Sun,16:30,Arsenal,Manchester City,1–1,Emirates Stadium,60161,Stuart Attwell,/en/matches/2045939c/Arsenal-Manchester-City-September-21-2025-Premier-League
ENG-Premier League,2526,2025-09-21 Arsenal-Manchester City,Arsenal,Martín Zubimendi,36,ESP,CM,26-231,89,0,0,0,0,1,0,0,0,1,0,0,3,0,1,0,0,0,2045939c,9/21/2025,5,Sun,16:30,Arsenal,Manchester City,1–1,Emirates Stadium,60161,Stuart Attwell,/en/matches/2045939c/Arsenal-Manchester-City-September-21-2025-Premier-League
ENG-Premier League,2526,2025-09-21 Arsenal-Manchester City,Arsenal,Mikel Merino,23,ESP,CM,29-091,45,0,0,0,0,0,0,0,0,0,1,0,0,0,1,0,0,0,2045939c,9/21/2025,5,Sun,16:30,Arsenal,Manchester City,1–1,Emirates Stadium,60161,Stuart Attwell,/en/matches/2045939c/Arsenal-Manchester-City-September-21-2025-Premier-League
ENG-Premier League,2526,2025-09-21 Arsenal-Manchester City,Arsenal,Noni Madueke,20,ENG,FW,23-195,45,0,0,0,0,2,1,0,0,0,0,0,5,0,0,0,0,0,2045939c,9/21/2025,5,Sun,16:30,Arsenal,Manchester City,1–1,Emirates Stadium,60161,Stuart Attwell,/en/matches/2045939c/Arsenal-Manchester-City-September-21-2025-Premier-League
ENG-Premier League,2526,2025-09-21 Arsenal-Manchester City,Arsenal,Riccardo Calafiori,33,ITA,LB,23-125,90,0,0,0,0,3,0,0,0,3,1,0,3,2,0,0,0,0,2045939c,9/21/2025,5,Sun,16:30,Arsenal,Manchester City,1–1,Emirates Stadium,60161,Stuart Attwell,/en/matches/2045939c/Arsenal-Manchester-City-September-21-2025-Premier-League
ENG-Premier League,2526,2025-09-21 Arsenal-Manchester City,Arsenal,Viktor Gyökeres,14,SWE,FW,27-109,90,0,0,0,0,0,0,0,0,0,0,1,0,0,0,0,0,0,2045939c,9/21/2025,5,Sun,16:30,Arsenal,Manchester City,1–1,Emirates Stadium,60161,Stuart Attwell,/en/matches/2045939c/Arsenal-Manchester-City-September-21-2025-Premier-League
ENG-Premier League,2526,2025-09-21 Arsenal-Manchester City,Arsenal,William Saliba,2,FRA,CB,24-181,90,0,0,0,0,1,0,0,0,1,1,0,0,2,0,0,0,0,2045939c,9/21/2025,5,Sun,16:30,Arsenal,Manchester City,1–1,Emirates Stadium,60161,Stuart Attwell,/en/matches/2045939c/Arsenal-Manchester-City-September-21-2025-Premier-League
ENG-Premier League,2526,2025-09-28 Newcastle United-Arsenal,Arsenal,Bukayo Saka,7,ENG,AM,24-023,69,0,0,0,0,2,1,0,0,2,2,0,5,0,0,0,0,0,e851cb5c,9/28/2025,6,Sun,16:30,Newcastle United,Arsenal,1–2,St James' Park,52199,Jarred Gillett,/en/matches/e851cb5c/Newcastle-United-Arsenal-September-28-2025-Premier-League
ENG-Premier League,2526,2025-09-28 Newcastle United-Arsenal,Arsenal,Cristhian Mosquera,3,ESP,CB,21-093,45,0,0,0,0,0,0,0,0,0,0,0,0,0,3,0,0,0,e851cb5c,9/28/2025,6,Sun,16:30,Newcastle United,Arsenal,1–2,St James' Park,52199,Jarred Gillett,/en/matches/e851cb5c/Newcastle-United-Arsenal-September-28-2025-Premier-League
ENG-Premier League,2526,2025-09-28 Newcastle United-Arsenal,Arsenal,David Raya,1,ESP,GK,30-013,90,0,0,0,0,0,0,0,0,0,0,0,0,0,0,0,0,0,e851cb5c,9/28/2025,6,Sun,16:30,Newcastle United,Arsenal,1–2,St James' Park,52199,Jarred Gillett,/en/matches/e851cb5c/Newcastle-United-Arsenal-September-28-2025-Premier-League
ENG-Premier League,2526,2025-09-28 Newcastle United-Arsenal,Arsenal,Declan Rice,41,ENG,DM,26-257,90,0,1,0,0,0,0,0,0,1,0,0,10,1,0,0,0,0,e851cb5c,9/28/2025,6,Sun,16:30,Newcastle United,Arsenal,1–2,St James' Park,52199,Jarred Gillett,/en/matches/e851cb5c/Newcastle-United-Arsenal-September-28-2025-Premier-League
ENG-Premier League,2526,2025-09-28 Newcastle United-Arsenal,Arsenal,Eberechi Eze,10,ENG,AM,27-091,90,0,0,0,0,4,2,0,0,1,0,0,0,0,0,0,0,0,e851cb5c,9/28/2025,6,Sun,16:30,Newcastle United,Arsenal,1–2,St James' Park,52199,Jarred Gillett,/en/matches/e851cb5c/Newcastle-United-Arsenal-September-28-2025-Premier-League
ENG-Premier League,2526,2025-09-28 Newcastle United-Arsenal,Arsenal,Gabriel Magalhães,6,BRA,CB,27-283,90,1,0,0,0,1,1,0,0,0,1,0,1,1,3,0,0,0,e851cb5c,9/28/2025,6,Sun,16:30,Newcastle United,Arsenal,1–2,St James' Park,52199,Jarred Gillett,/en/matches/e851cb5c/Newcastle-United-Arsenal-September-28-2025-Premier-League
ENG-Premier League,2526,2025-09-28 Newcastle United-Arsenal,Arsenal,Gabriel Martinelli,11,BRA,"FW,MF",24-102,21,0,0,0,0,1,0,0,0,0,1,0,0,0,0,0,0,0,e851cb5c,9/28/2025,6,Sun,16:30,Newcastle United,Arsenal,1–2,St James' Park,52199,Jarred Gillett,/en/matches/e851cb5c/Newcastle-United-Arsenal-September-28-2025-Premier-League
ENG-Premier League,2526,2025-09-28 Newcastle United-Arsenal,Arsenal,Jurriën Timber,12,NED,RB,24-103,90,0,0,0,0,2,1,0,0,1,1,0,3,0,1,0,0,0,e851cb5c,9/28/2025,6,Sun,16:30,Newcastle United,Arsenal,1–2,St James' Park,52199,Jarred Gillett,/en/matches/e851cb5c/Newcastle-United-Arsenal-September-28-2025-Premier-League
ENG-Premier League,2526,2025-09-28 Newcastle United-Arsenal,Arsenal,Leandro Trossard,19,BEL,AM,30-298,87,0,0,0,0,1,0,0,0,0,1,0,2,0,0,0,0,0,e851cb5c,9/28/2025,6,Sun,16:30,Newcastle United,Arsenal,1–2,St James' Park,52199,Jarred Gillett,/en/matches/e851cb5c/Newcastle-United-Arsenal-September-28-2025-Premier-League
ENG-Premier League,2526,2025-09-28 Newcastle United-Arsenal,Arsenal,Martin Ødegaard,8,NOR,"FW,MF",26-285,9,0,1,0,0,0,0,0,0,0,0,0,1,0,0,0,0,0,e851cb5c,9/28/2025,6,Sun,16:30,Newcastle United,Arsenal,1–2,St James' Park,52199,Jarred Gillett,/en/matches/e851cb5c/Newcastle-United-Arsenal-September-28-2025-Premier-League
ENG-Premier League,2526,2025-09-28 Newcastle United-Arsenal,Arsenal,Martín Zubimendi,36,ESP,DM,26-238,81,0,0,0,0,0,0,0,0,0,0,0,1,3,2,0,0,0,e851cb5c,9/28/2025,6,Sun,16:30,Newcastle United,Arsenal,1–2,St James' Park,52199,Jarred Gillett,/en/matches/e851cb5c/Newcastle-United-Arsenal-September-28-2025-Premier-League
ENG-Premier League,2526,2025-09-28 Newcastle United-Arsenal,Arsenal,Mikel Merino,23,ESP,MF,29-098,21,1,0,0,0,1,1,0,0,1,1,0,1,0,1,0,0,0,e851cb5c,9/28/2025,6,Sun,16:30,Newcastle United,Arsenal,1–2,St James' Park,52199,Jarred Gillett,/en/matches/e851cb5c/Newcastle-United-Arsenal-September-28-2025-Premier-League
ENG-Premier League,2526,2025-09-28 Newcastle United-Arsenal,Arsenal,Myles Lewis-Skelly,49,ENG,DF,19-002,3,0,0,0,0,0,0,0,0,1,0,0,0,0,0,0,0,0,e851cb5c,9/28/2025,6,Sun,16:30,Newcastle United,Arsenal,1–2,St James' Park,52199,Jarred Gillett,/en/matches/e851cb5c/Newcastle-United-Arsenal-September-28-2025-Premier-League
ENG-Premier League,2526,2025-09-28 Newcastle United-Arsenal,Arsenal,Riccardo Calafiori,33,ITA,LB,23-132,69,0,0,0,0,2,0,1,0,1,0,0,1,0,0,0,0,0,e851cb5c,9/28/2025,6,Sun,16:30,Newcastle United,Arsenal,1–2,St James' Park,52199,Jarred Gillett,/en/matches/e851cb5c/Newcastle-United-Arsenal-September-28-2025-Premier-League
ENG-Premier League,2526,2025-09-28 Newcastle United-Arsenal,Arsenal,Viktor Gyökeres,14,SWE,FW,27-116,90,0,0,0,0,6,1,0,0,0,0,0,0,1,0,0,0,0,e851cb5c,9/28/2025,6,Sun,16:30,Newcastle United,Arsenal,1–2,St James' Park,52199,Jarred Gillett,/en/matches/e851cb5c/Newcastle-United-Arsenal-September-28-2025-Premier-League
ENG-Premier League,2526,2025-09-28 Newcastle United-Arsenal,Arsenal,William Saliba,2,FRA,DF,24-188,45,0,0,0,0,0,0,0,0,1,1,0,0,0,0,0,0,0,e851cb5c,9/28/2025,6,Sun,16:30,Newcastle United,Arsenal,1–2,St James' Park,52199,Jarred Gillett,/en/matches/e851cb5c/Newcastle-United-Arsenal-September-28-2025-Premier-League
ENG-Premier League,2526,2025-10-04 Arsenal-West Ham United,Arsenal,Bukayo Saka,7,ENG,FW,24-029,90,1,0,1,1,4,1,0,0,2,3,1,4,0,1,0,0,0,266bddc6,10/4/2025,7,Sat,15:00,Arsenal,West Ham United,2–0,Emirates Stadium,60181,John Brooks,/en/matches/266bddc6/Arsenal-West-Ham-United-October-4-2025-Premier-League
ENG-Premier League,2526,2025-10-04 Arsenal-West Ham United,Arsenal,David Raya,1,ESP,GK,30-019,90,0,0,0,0,0,0,0,0,0,0,0,0,0,0,0,0,0,266bddc6,10/4/2025,7,Sat,15:00,Arsenal,West Ham United,2–0,Emirates Stadium,60181,John Brooks,/en/matches/266bddc6/Arsenal-West-Ham-United-October-4-2025-Premier-League
ENG-Premier League,2526,2025-10-04 Arsenal-West Ham United,Arsenal,Declan Rice,41,ENG,CM,26-263,78,1,0,0,0,2,1,0,0,0,0,0,7,0,0,0,0,0,266bddc6,10/4/2025,7,Sat,15:00,Arsenal,West Ham United,2–0,Emirates Stadium,60181,John Brooks,/en/matches/266bddc6/Arsenal-West-Ham-United-October-4-2025-Premier-League
ENG-Premier League,2526,2025-10-04 Arsenal-West Ham United,Arsenal,Eberechi Eze,10,ENG,CM,27-097,78,0,0,0,0,4,1,0,0,1,0,0,0,2,1,0,0,0,266bddc6,10/4/2025,7,Sat,15:00,Arsenal,West Ham United,2–0,Emirates Stadium,60181,John Brooks,/en/matches/266bddc6/Arsenal-West-Ham-United-October-4-2025-Premier-League
ENG-Premier League,2526,2025-10-04 Arsenal-West Ham United,Arsenal,Ethan Nwaneri,22,ENG,MF,18-197,16,0,0,0,0,1,0,0,0,0,0,0,0,0,0,0,0,0,266bddc6,10/4/2025,7,Sat,15:00,Arsenal,West Ham United,2–0,Emirates Stadium,60181,John Brooks,/en/matches/266bddc6/Arsenal-West-Ham-United-October-4-2025-Premier-League
ENG-Premier League,2526,2025-10-04 Arsenal-West Ham United,Arsenal,Gabriel Magalhães,6,BRA,CB,27-289,90,0,0,0,0,0,0,0,0,0,2,0,0,1,2,0,0,0,266bddc6,10/4/2025,7,Sat,15:00,Arsenal,West Ham United,2–0,Emirates Stadium,60181,John Brooks,/en/matches/266bddc6/Arsenal-West-Ham-United-October-4-2025-Premier-League
ENG-Premier League,2526,2025-10-04 Arsenal-West Ham United,Arsenal,Gabriel Martinelli,11,BRA,"FW,MF",24-108,12,0,0,0,0,0,0,0,0,1,0,0,3,0,0,0,0,0,266bddc6,10/4/2025,7,Sat,15:00,Arsenal,West Ham United,2–0,Emirates Stadium,60181,John Brooks,/en/matches/266bddc6/Arsenal-West-Ham-United-October-4-2025-Premier-League
ENG-Premier League,2526,2025-10-04 Arsenal-West Ham United,Arsenal,Jurriën Timber,12,NED,RB,24-109,90,0,0,0,0,2,1,0,0,2,2,0,2,4,2,0,0,0,266bddc6,10/4/2025,7,Sat,15:00,Arsenal,West Ham United,2–0,Emirates Stadium,60181,John Brooks,/en/matches/266bddc6/Arsenal-West-Ham-United-October-4-2025-Premier-League
ENG-Premier League,2526,2025-10-04 Arsenal-West Ham United,Arsenal,Leandro Trossard,19,BEL,FW,30-304,74,0,0,0,0,2,0,0,0,1,1,0,6,2,0,0,0,0,266bddc6,10/4/2025,7,Sat,15:00,Arsenal,West Ham United,2–0,Emirates Stadium,60181,John Brooks,/en/matches/266bddc6/Arsenal-West-Ham-United-October-4-2025-Premier-League
ENG-Premier League,2526,2025-10-04 Arsenal-West Ham United,Arsenal,Martin Ødegaard,8,NOR,CM,26-291,29,0,0,0,0,0,0,0,0,1,1,0,0,0,0,0,0,0,266bddc6,10/4/2025,7,Sat,15:00,Arsenal,West Ham United,2–0,Emirates Stadium,60181,John Brooks,/en/matches/266bddc6/Arsenal-West-Ham-United-October-4-2025-Premier-League
ENG-Premier League,2526,2025-10-04 Arsenal-West Ham United,Arsenal,Martín Zubimendi,36,ESP,MF,26-244,61,0,0,0,0,0,0,0,0,1,0,0,0,3,0,0,0,0,266bddc6,10/4/2025,7,Sat,15:00,Arsenal,West Ham United,2–0,Emirates Stadium,60181,John Brooks,/en/matches/266bddc6/Arsenal-West-Ham-United-October-4-2025-Premier-League
ENG-Premier League,2526,2025-10-04 Arsenal-West Ham United,Arsenal,Mikel Merino,23,ESP,MF,29-104,12,0,0,0,0,2,0,0,0,2,1,0,0,0,0,0,0,0,266bddc6,10/4/2025,7,Sat,15:00,Arsenal,West Ham United,2–0,Emirates Stadium,60181,John Brooks,/en/matches/266bddc6/Arsenal-West-Ham-United-October-4-2025-Premier-League
ENG-Premier League,2526,2025-10-04 Arsenal-West Ham United,Arsenal,Myles Lewis-Skelly,49,ENG,DF,19-008,16,0,0,0,0,0,0,0,0,0,0,0,0,0,1,0,0,0,266bddc6,10/4/2025,7,Sat,15:00,Arsenal,West Ham United,2–0,Emirates Stadium,60181,John Brooks,/en/matches/266bddc6/Arsenal-West-Ham-United-October-4-2025-Premier-League
ENG-Premier League,2526,2025-10-04 Arsenal-West Ham United,Arsenal,Riccardo Calafiori,33,ITA,LB,23-138,74,0,0,0,0,2,0,0,0,2,2,0,0,2,0,0,0,0,266bddc6,10/4/2025,7,Sat,15:00,Arsenal,West Ham United,2–0,Emirates Stadium,60181,John Brooks,/en/matches/266bddc6/Arsenal-West-Ham-United-October-4-2025-Premier-League
ENG-Premier League,2526,2025-10-04 Arsenal-West Ham United,Arsenal,Viktor Gyökeres,14,SWE,FW,27-122,90,0,0,0,0,2,1,0,0,1,2,0,0,0,0,0,0,0,266bddc6,10/4/2025,7,Sat,15:00,Arsenal,West Ham United,2–0,Emirates Stadium,60181,John Brooks,/en/matches/266bddc6/Arsenal-West-Ham-United-October-4-2025-Premier-League
ENG-Premier League,2526,2025-10-04 Arsenal-West Ham United,Arsenal,William Saliba,2,FRA,CB,24-194,90,0,0,0,0,0,0,0,0,0,0,0,1,0,0,0,0,0,266bddc6,10/4/2025,7,Sat,15:00,Arsenal,West Ham United,2–0,Emirates Stadium,60181,John Brooks,/en/matches/266bddc6/Arsenal-West-Ham-United-October-4-2025-Premier-League
ENG-Premier League,2526,2025-10-18 Fulham-Arsenal,Arsenal,Bukayo Saka,7,ENG,FW,24-043,90,0,0,0,0,2,1,0,0,0,5,1,14,1,0,0,0,0,94eefc1d,10/18/2025,8,Sat,17:30,Fulham,Arsenal,0–1,Craven Cottage,27736,Anthony Taylor,/en/matches/94eefc1d/Fulham-Arsenal-October-18-2025-Premier-League
ENG-Premier League,2526,2025-10-18 Fulham-Arsenal,Arsenal,Christian Nørgaard,16,DEN,MF,31-222,1,0,0,0,0,0,0,0,0,0,0,0,0,0,0,0,0,0,94eefc1d,10/18/2025,8,Sat,17:30,Fulham,Arsenal,0–1,Craven Cottage,27736,Anthony Taylor,/en/matches/94eefc1d/Fulham-Arsenal-October-18-2025-Premier-League
ENG-Premier League,2526,2025-10-18 Fulham-Arsenal,Arsenal,David Raya,1,ESP,GK,30-033,90,0,0,0,0,0,0,0,0,0,0,0,0,0,0,0,0,0,94eefc1d,10/18/2025,8,Sat,17:30,Fulham,Arsenal,0–1,Craven Cottage,27736,Anthony Taylor,/en/matches/94eefc1d/Fulham-Arsenal-October-18-2025-Premier-League
ENG-Premier League,2526,2025-10-18 Fulham-Arsenal,Arsenal,Declan Rice,41,ENG,CM,26-277,90,0,0,0,0,1,0,0,0,0,0,0,1,0,0,0,0,0,94eefc1d,10/18/2025,8,Sat,17:30,Fulham,Arsenal,0–1,Craven Cottage,27736,Anthony Taylor,/en/matches/94eefc1d/Fulham-Arsenal-October-18-2025-Premier-League
ENG-Premier League,2526,2025-10-18 Fulham-Arsenal,Arsenal,Eberechi Eze,10,ENG,CM,27-111,61,0,0,0,0,1,0,0,0,0,1,0,2,0,0,0,0,0,94eefc1d,10/18/2025,8,Sat,17:30,Fulham,Arsenal,0–1,Craven Cottage,27736,Anthony Taylor,/en/matches/94eefc1d/Fulham-Arsenal-October-18-2025-Premier-League
ENG-Premier League,2526,2025-10-18 Fulham-Arsenal,Arsenal,Gabriel Magalhães,6,BRA,CB,27-303,90,0,1,0,0,2,0,0,0,0,0,0,0,0,0,0,0,0,94eefc1d,10/18/2025,8,Sat,17:30,Fulham,Arsenal,0–1,Craven Cottage,27736,Anthony Taylor,/en/matches/94eefc1d/Fulham-Arsenal-October-18-2025-Premier-League
ENG-Premier League,2526,2025-10-18 Fulham-Arsenal,Arsenal,Gabriel Martinelli,11,BRA,"FW,MF",24-122,10,0,0,0,0,2,1,0,0,0,0,0,0,1,0,0,0,0,94eefc1d,10/18/2025,8,Sat,17:30,Fulham,Arsenal,0–1,Craven Cottage,27736,Anthony Taylor,/en/matches/94eefc1d/Fulham-Arsenal-October-18-2025-Premier-League
ENG-Premier League,2526,2025-10-18 Fulham-Arsenal,Arsenal,Jurriën Timber,12,NED,RB,24-123,90,0,0,0,0,0,0,0,0,1,1,0,0,1,0,0,0,0,94eefc1d,10/18/2025,8,Sat,17:30,Fulham,Arsenal,0–1,Craven Cottage,27736,Anthony Taylor,/en/matches/94eefc1d/Fulham-Arsenal-October-18-2025-Premier-League
ENG-Premier League,2526,2025-10-18 Fulham-Arsenal,Arsenal,Leandro Trossard,19,BEL,FW,30-318,80,1,0,0,0,3,1,0,0,1,2,0,5,0,1,0,0,0,94eefc1d,10/18/2025,8,Sat,17:30,Fulham,Arsenal,0–1,Craven Cottage,27736,Anthony Taylor,/en/matches/94eefc1d/Fulham-Arsenal-October-18-2025-Premier-League
ENG-Premier League,2526,2025-10-18 Fulham-Arsenal,Arsenal,Martín Zubimendi,36,ESP,CM,26-258,90,0,0,0,0,0,0,0,0,1,0,0,0,0,1,0,0,0,94eefc1d,10/18/2025,8,Sat,17:30,Fulham,Arsenal,0–1,Craven Cottage,27736,Anthony Taylor,/en/matches/94eefc1d/Fulham-Arsenal-October-18-2025-Premier-League
ENG-Premier League,2526,2025-10-18 Fulham-Arsenal,Arsenal,Mikel Merino,23,ESP,MF,29-118,29,0,0,0,0,0,0,0,0,0,0,0,0,1,0,0,0,0,94eefc1d,10/18/2025,8,Sat,17:30,Fulham,Arsenal,0–1,Craven Cottage,27736,Anthony Taylor,/en/matches/94eefc1d/Fulham-Arsenal-October-18-2025-Premier-League
ENG-Premier League,2526,2025-10-18 Fulham-Arsenal,Arsenal,Riccardo Calafiori,33,ITA,LB,23-152,90,0,0,0,0,2,0,0,0,0,0,1,2,1,0,0,0,0,94eefc1d,10/18/2025,8,Sat,17:30,Fulham,Arsenal,0–1,Craven Cottage,27736,Anthony Taylor,/en/matches/94eefc1d/Fulham-Arsenal-October-18-2025-Premier-League
ENG-Premier League,2526,2025-10-18 Fulham-Arsenal,Arsenal,Viktor Gyökeres,14,SWE,FW,27-136,89,0,0,0,0,3,2,0,0,1,2,0,0,0,0,0,0,0,94eefc1d,10/18/2025,8,Sat,17:30,Fulham,Arsenal,0–1,Craven Cottage,27736,Anthony Taylor,/en/matches/94eefc1d/Fulham-Arsenal-October-18-2025-Premier-League
ENG-Premier League,2526,2025-10-18 Fulham-Arsenal,Arsenal,William Saliba,2,FRA,CB,24-208,90,0,0,0,0,0,0,0,0,0,0,0,0,0,0,0,0,0,94eefc1d,10/18/2025,8,Sat,17:30,Fulham,Arsenal,0–1,Craven Cottage,27736,Anthony Taylor,/en/matches/94eefc1d/Fulham-Arsenal-October-18-2025-Premier-League
ENG-Premier League,2526,2025-10-26 Arsenal-Crystal Palace,Arsenal,Bukayo Saka,7,ENG,FW,24-051,65,0,0,0,0,1,0,0,0,1,2,1,0,1,0,0,0,0,8e08b6c9,10/26/2025,9,Sun,14:00,Arsenal,Crystal Palace,1–0,Emirates Stadium,60103,Thomas Bramall,/en/matches/8e08b6c9/Arsenal-Crystal-Palace-October-26-2025-Premier-League
ENG-Premier League,2526,2025-10-26 Arsenal-Crystal Palace,Arsenal,Cristhian Mosquera,3,ESP,DF,21-121,45,0,0,0,0,0,0,0,0,0,0,0,0,0,0,0,0,0,8e08b6c9,10/26/2025,9,Sun,14:00,Arsenal,Crystal Palace,1–0,Emirates Stadium,60103,Thomas Bramall,/en/matches/8e08b6c9/Arsenal-Crystal-Palace-October-26-2025-Premier-League
ENG-Premier League,2526,2025-10-26 Arsenal-Crystal Palace,Arsenal,David Raya,1,ESP,GK,30-041,90,0,0,0,0,0,0,0,0,0,0,0,0,0,0,0,0,0,8e08b6c9,10/26/2025,9,Sun,14:00,Arsenal,Crystal Palace,1–0,Emirates Stadium,60103,Thomas Bramall,/en/matches/8e08b6c9/Arsenal-Crystal-Palace-October-26-2025-Premier-League
ENG-Premier League,2526,2025-10-26 Arsenal-Crystal Palace,Arsenal,Declan Rice,41,ENG,CM,26-285,81,0,0,0,0,1,1,0,0,1,0,0,6,2,2,0,0,0,8e08b6c9,10/26/2025,9,Sun,14:00,Arsenal,Crystal Palace,1–0,Emirates Stadium,60103,Thomas Bramall,/en/matches/8e08b6c9/Arsenal-Crystal-Palace-October-26-2025-Premier-League
ENG-Premier League,2526,2025-10-26 Arsenal-Crystal Palace,Arsenal,Eberechi Eze,10,ENG,CM,27-119,87,1,0,0,0,2,1,0,0,1,1,0,0,1,0,0,0,0,8e08b6c9,10/26/2025,9,Sun,14:00,Arsenal,Crystal Palace,1–0,Emirates Stadium,60103,Thomas Bramall,/en/matches/8e08b6c9/Arsenal-Crystal-Palace-October-26-2025-Premier-League
ENG-Premier League,2526,2025-10-26 Arsenal-Crystal Palace,Arsenal,Gabriel Magalhães,6,BRA,CB,27-311,90,0,0,0,0,1,0,0,0,0,1,0,0,0,1,0,0,0,8e08b6c9,10/26/2025,9,Sun,14:00,Arsenal,Crystal Palace,1–0,Emirates Stadium,60103,Thomas Bramall,/en/matches/8e08b6c9/Arsenal-Crystal-Palace-October-26-2025-Premier-League
ENG-Premier League,2526,2025-10-26 Arsenal-Crystal Palace,Arsenal,Gabriel Martinelli,11,BRA,"FW,MF",24-130,25,0,0,0,0,0,0,0,0,0,0,0,1,0,0,0,0,0,8e08b6c9,10/26/2025,9,Sun,14:00,Arsenal,Crystal Palace,1–0,Emirates Stadium,60103,Thomas Bramall,/en/matches/8e08b6c9/Arsenal-Crystal-Palace-October-26-2025-Premier-League
ENG-Premier League,2526,2025-10-26 Arsenal-Crystal Palace,Arsenal,Jurriën Timber,12,NED,RB,24-131,90,0,0,0,0,0,0,0,0,1,3,0,1,1,0,0,0,0,8e08b6c9,10/26/2025,9,Sun,14:00,Arsenal,Crystal Palace,1–0,Emirates Stadium,60103,Thomas Bramall,/en/matches/8e08b6c9/Arsenal-Crystal-Palace-October-26-2025-Premier-League
ENG-Premier League,2526,2025-10-26 Arsenal-Crystal Palace,Arsenal,Leandro Trossard,19,BEL,FW,30-326,90,0,0,0,0,3,1,0,0,0,1,1,2,0,1,0,0,0,8e08b6c9,10/26/2025,9,Sun,14:00,Arsenal,Crystal Palace,1–0,Emirates Stadium,60103,Thomas Bramall,/en/matches/8e08b6c9/Arsenal-Crystal-Palace-October-26-2025-Premier-League
ENG-Premier League,2526,2025-10-26 Arsenal-Crystal Palace,Arsenal,Martín Zubimendi,36,ESP,CM,26-266,90,0,0,0,0,0,0,0,0,1,0,0,0,1,3,0,0,0,8e08b6c9,10/26/2025,9,Sun,14:00,Arsenal,Crystal Palace,1–0,Emirates Stadium,60103,Thomas Bramall,/en/matches/8e08b6c9/Arsenal-Crystal-Palace-October-26-2025-Premier-League
ENG-Premier League,2526,2025-10-26 Arsenal-Crystal Palace,Arsenal,Mikel Merino,23,ESP,MF,29-126,9,0,0,0,0,0,0,0,0,0,0,0,0,0,0,0,0,0,8e08b6c9,10/26/2025,9,Sun,14:00,Arsenal,Crystal Palace,1–0,Emirates Stadium,60103,Thomas Bramall,/en/matches/8e08b6c9/Arsenal-Crystal-Palace-October-26-2025-Premier-League
ENG-Premier League,2526,2025-10-26 Arsenal-Crystal Palace,Arsenal,Myles Lewis-Skelly,49,ENG,DF,19-030,3,0,0,0,0,0,0,0,0,0,0,0,0,0,0,0,0,0,8e08b6c9,10/26/2025,9,Sun,14:00,Arsenal,Crystal Palace,1–0,Emirates Stadium,60103,Thomas Bramall,/en/matches/8e08b6c9/Arsenal-Crystal-Palace-October-26-2025-Premier-League
ENG-Premier League,2526,2025-10-26 Arsenal-Crystal Palace,Arsenal,Piero Hincapié,5,ECU,DF,23-290,9,0,0,0,0,0,0,0,0,0,1,0,0,0,0,0,0,0,8e08b6c9,10/26/2025,9,Sun,14:00,Arsenal,Crystal Palace,1–0,Emirates Stadium,60103,Thomas Bramall,/en/matches/8e08b6c9/Arsenal-Crystal-Palace-October-26-2025-Premier-League
ENG-Premier League,2526,2025-10-26 Arsenal-Crystal Palace,Arsenal,Riccardo Calafiori,33,ITA,LB,23-160,81,0,0,0,0,1,0,0,0,0,0,0,0,0,0,0,0,0,8e08b6c9,10/26/2025,9,Sun,14:00,Arsenal,Crystal Palace,1–0,Emirates Stadium,60103,Thomas Bramall,/en/matches/8e08b6c9/Arsenal-Crystal-Palace-October-26-2025-Premier-League
ENG-Premier League,2526,2025-10-26 Arsenal-Crystal Palace,Arsenal,Viktor Gyökeres,14,SWE,FW,27-144,90,0,0,0,0,1,0,0,0,1,0,0,0,0,0,0,0,0,8e08b6c9,10/26/2025,9,Sun,14:00,Arsenal,Crystal Palace,1–0,Emirates Stadium,60103,Thomas Bramall,/en/matches/8e08b6c9/Arsenal-Crystal-Palace-October-26-2025-Premier-League
ENG-Premier League,2526,2025-10-26 Arsenal-Crystal Palace,Arsenal,William Saliba,2,FRA,CB,24-216,45,0,0,0,0,0,0,0,0,0,1,0,0,0,0,0,0,0,8e08b6c9,10/26/2025,9,Sun,14:00,Arsenal,Crystal Palace,1–0,Emirates Stadium,60103,Thomas Bramall,/en/matches/8e08b6c9/Arsenal-Crystal-Palace-October-26-2025-Premier-League
ENG-Premier League,2526,2025-11-01 Burnley-Arsenal,Arsenal,Bukayo Saka,7,ENG,FW,24-057,90,0,0,0,0,2,2,0,0,1,0,1,1,0,0,0,0,0,2e2f2939,11/1/2025,10,Sat,15:00,Burnley,Arsenal,0–2,Turf Moor,21538,Chris Kavanagh,/en/matches/2e2f2939/Burnley-Arsenal-November-1-2025-Premier-League
ENG-Premier League,2526,2025-11-01 Burnley-Arsenal,Arsenal,Christian Nørgaard,16,DEN,MF,31-236,14,0,0,0,0,1,1,0,0,1,0,0,0,0,0,0,0,0,2e2f2939,11/1/2025,10,Sat,15:00,Burnley,Arsenal,0–2,Turf Moor,21538,Chris Kavanagh,/en/matches/2e2f2939/Burnley-Arsenal-November-1-2025-Premier-League
ENG-Premier League,2526,2025-11-01 Burnley-Arsenal,Arsenal,David Raya,1,ESP,GK,30-047,90,0,0,0,0,0,0,0,0,0,0,0,0,0,0,0,0,0,2e2f2939,11/1/2025,10,Sat,15:00,Burnley,Arsenal,0–2,Turf Moor,21538,Chris Kavanagh,/en/matches/2e2f2939/Burnley-Arsenal-November-1-2025-Premier-League
ENG-Premier League,2526,2025-11-01 Burnley-Arsenal,Arsenal,Declan Rice,41,ENG,CM,26-291,90,1,0,0,0,1,1,0,0,2,0,0,6,5,3,0,0,0,2e2f2939,11/1/2025,10,Sat,15:00,Burnley,Arsenal,0–2,Turf Moor,21538,Chris Kavanagh,/en/matches/2e2f2939/Burnley-Arsenal-November-1-2025-Premier-League
ENG-Premier League,2526,2025-11-01 Burnley-Arsenal,Arsenal,Eberechi Eze,10,ENG,CM,27-125,71,0,0,0,0,1,0,0,0,0,4,0,0,0,0,0,0,0,2e2f2939,11/1/2025,10,Sat,15:00,Burnley,Arsenal,0–2,Turf Moor,21538,Chris Kavanagh,/en/matches/2e2f2939/Burnley-Arsenal-November-1-2025-Premier-League
ENG-Premier League,2526,2025-11-01 Burnley-Arsenal,Arsenal,Ethan Nwaneri,22,ENG,MF,18-225,19,0,0,0,0,1,0,0,0,1,0,0,0,0,0,0,0,0,2e2f2939,11/1/2025,10,Sat,15:00,Burnley,Arsenal,0–2,Turf Moor,21538,Chris Kavanagh,/en/matches/2e2f2939/Burnley-Arsenal-November-1-2025-Premier-League
ENG-Premier League,2526,2025-11-01 Burnley-Arsenal,Arsenal,Gabriel Magalhães,6,BRA,CB,27-317,90,0,1,0,0,0,0,1,0,1,1,0,0,0,1,0,0,0,2e2f2939,11/1/2025,10,Sat,15:00,Burnley,Arsenal,0–2,Turf Moor,21538,Chris Kavanagh,/en/matches/2e2f2939/Burnley-Arsenal-November-1-2025-Premier-League
ENG-Premier League,2526,2025-11-01 Burnley-Arsenal,Arsenal,Jurriën Timber,12,NED,RB,24-137,90,0,0,0,0,2,0,0,0,1,0,0,2,0,0,0,0,0,2e2f2939,11/1/2025,10,Sat,15:00,Burnley,Arsenal,0–2,Turf Moor,21538,Chris Kavanagh,/en/matches/2e2f2939/Burnley-Arsenal-November-1-2025-Premier-League
ENG-Premier League,2526,2025-11-01 Burnley-Arsenal,Arsenal,Leandro Trossard,19,BEL,FW,30-332,89,0,1,0,0,2,2,0,0,1,2,0,3,0,0,0,0,0,2e2f2939,11/1/2025,10,Sat,15:00,Burnley,Arsenal,0–2,Turf Moor,21538,Chris Kavanagh,/en/matches/2e2f2939/Burnley-Arsenal-November-1-2025-Premier-League
ENG-Premier League,2526,2025-11-01 Burnley-Arsenal,Arsenal,Martín Zubimendi,36,ESP,CM,26-272,76,0,0,0,0,0,0,0,0,1,0,0,0,0,2,0,0,0,2e2f2939,11/1/2025,10,Sat,15:00,Burnley,Arsenal,0–2,Turf Moor,21538,Chris Kavanagh,/en/matches/2e2f2939/Burnley-Arsenal-November-1-2025-Premier-League
ENG-Premier League,2526,2025-11-01 Burnley-Arsenal,Arsenal,Mikel Merino,23,ESP,MF,29-132,45,0,0,0,0,0,0,0,0,0,1,0,1,0,0,0,0,0,2e2f2939,11/1/2025,10,Sat,15:00,Burnley,Arsenal,0–2,Turf Moor,21538,Chris Kavanagh,/en/matches/2e2f2939/Burnley-Arsenal-November-1-2025-Premier-League
ENG-Premier League,2526,2025-11-01 Burnley-Arsenal,Arsenal,Myles Lewis-Skelly,49,ENG,DF,19-036,1,0,0,0,0,0,0,0,0,0,0,0,0,0,0,0,0,0,2e2f2939,11/1/2025,10,Sat,15:00,Burnley,Arsenal,0–2,Turf Moor,21538,Chris Kavanagh,/en/matches/2e2f2939/Burnley-Arsenal-November-1-2025-Premier-League
ENG-Premier League,2526,2025-11-01 Burnley-Arsenal,Arsenal,Piero Hincapié,5,ECU,DF,23-296,19,0,0,0,0,0,0,0,0,0,0,0,0,0,0,0,0,0,2e2f2939,11/1/2025,10,Sat,15:00,Burnley,Arsenal,0–2,Turf Moor,21538,Chris Kavanagh,/en/matches/2e2f2939/Burnley-Arsenal-November-1-2025-Premier-League
ENG-Premier League,2526,2025-11-01 Burnley-Arsenal,Arsenal,Riccardo Calafiori,33,ITA,LB,23-166,71,0,0,0,0,1,1,0,0,1,2,0,0,1,0,0,0,0,2e2f2939,11/1/2025,10,Sat,15:00,Burnley,Arsenal,0–2,Turf Moor,21538,Chris Kavanagh,/en/matches/2e2f2939/Burnley-Arsenal-November-1-2025-Premier-League
ENG-Premier League,2526,2025-11-01 Burnley-Arsenal,Arsenal,Viktor Gyökeres,14,SWE,FW,27-150,45,1,0,0,0,1,1,0,0,2,0,0,0,0,0,0,0,0,2e2f2939,11/1/2025,10,Sat,15:00,Burnley,Arsenal,0–2,Turf Moor,21538,Chris Kavanagh,/en/matches/2e2f2939/Burnley-Arsenal-November-1-2025-Premier-League
ENG-Premier League,2526,2025-11-01 Burnley-Arsenal,Arsenal,William Saliba,2,FRA,CB,24-222,90,0,0,0,0,0,0,0,0,1,0,0,1,1,0,0,0,0,2e2f2939,11/1/2025,10,Sat,15:00,Burnley,Arsenal,0–2,Turf Moor,21538,Chris Kavanagh,/en/matches/2e2f2939/Burnley-Arsenal-November-1-2025-Premier-League
ENG-Premier League,2526,2025-11-08 Sunderland-Arsenal,Arsenal,Bukayo Saka,7,ENG,AM,24-064,90,1,0,0,0,3,2,0,0,2,3,0,5,1,0,0,0,0,34884979,11/8/2025,11,Sat,17:30,Sunderland,Arsenal,2–2,Stadium of Light,46799,Craig Pawson,/en/matches/34884979/Sunderland-Arsenal-November-8-2025-Premier-League
ENG-Premier League,2526,2025-11-08 Sunderland-Arsenal,Arsenal,Cristhian Mosquera,3,ESP,DF,21-134,3,0,0,0,0,0,0,0,0,0,1,0,0,0,0,0,0,0,34884979,11/8/2025,11,Sat,17:30,Sunderland,Arsenal,2–2,Stadium of Light,46799,Craig Pawson,/en/matches/34884979/Sunderland-Arsenal-November-8-2025-Premier-League
ENG-Premier League,2526,2025-11-08 Sunderland-Arsenal,Arsenal,David Raya,1,ESP,GK,30-054,90,0,0,0,0,0,0,0,0,0,0,0,0,0,0,0,0,0,34884979,11/8/2025,11,Sat,17:30,Sunderland,Arsenal,2–2,Stadium of Light,46799,Craig Pawson,/en/matches/34884979/Sunderland-Arsenal-November-8-2025-Premier-League
ENG-Premier League,2526,2025-11-08 Sunderland-Arsenal,Arsenal,Declan Rice,41,ENG,DM,26-298,90,0,0,0,0,3,1,0,0,0,0,0,6,0,1,0,0,0,34884979,11/8/2025,11,Sat,17:30,Sunderland,Arsenal,2–2,Stadium of Light,46799,Craig Pawson,/en/matches/34884979/Sunderland-Arsenal-November-8-2025-Premier-League
ENG-Premier League,2526,2025-11-08 Sunderland-Arsenal,Arsenal,Eberechi Eze,10,ENG,AM,27-132,87,0,0,0,0,4,1,0,0,1,1,0,1,0,0,0,0,0,34884979,11/8/2025,11,Sat,17:30,Sunderland,Arsenal,2–2,Stadium of Light,46799,Craig Pawson,/en/matches/34884979/Sunderland-Arsenal-November-8-2025-Premier-League
ENG-Premier League,2526,2025-11-08 Sunderland-Arsenal,Arsenal,Gabriel Magalhães,6,BRA,CB,27-324,90,0,0,0,0,0,0,0,0,0,1,0,2,0,0,0,0,0,34884979,11/8/2025,11,Sat,17:30,Sunderland,Arsenal,2–2,Stadium of Light,46799,Craig Pawson,/en/matches/34884979/Sunderland-Arsenal-November-8-2025-Premier-League
ENG-Premier League,2526,2025-11-08 Sunderland-Arsenal,Arsenal,Jurriën Timber,12,NED,RB,24-144,90,0,0,0,0,0,0,0,0,1,1,0,2,2,0,0,0,0,34884979,11/8/2025,11,Sat,17:30,Sunderland,Arsenal,2–2,Stadium of Light,46799,Craig Pawson,/en/matches/34884979/Sunderland-Arsenal-November-8-2025-Premier-League
ENG-Premier League,2526,2025-11-08 Sunderland-Arsenal,Arsenal,Leandro Trossard,19,BEL,AM,30-339,90,1,0,0,0,1,1,0,0,1,1,0,4,0,0,0,0,0,34884979,11/8/2025,11,Sat,17:30,Sunderland,Arsenal,2–2,Stadium of Light,46799,Craig Pawson,/en/matches/34884979/Sunderland-Arsenal-November-8-2025-Premier-League
ENG-Premier League,2526,2025-11-08 Sunderland-Arsenal,Arsenal,Martín Zubimendi,36,ESP,DM,26-279,90,0,1,0,0,3,1,1,0,1,2,0,0,1,1,0,0,0,34884979,11/8/2025,11,Sat,17:30,Sunderland,Arsenal,2–2,Stadium of Light,46799,Craig Pawson,/en/matches/34884979/Sunderland-Arsenal-November-8-2025-Premier-League
ENG-Premier League,2526,2025-11-08 Sunderland-Arsenal,Arsenal,Mikel Merino,23,ESP,FW,29-139,90,0,1,0,0,1,0,0,0,2,1,0,0,0,0,0,0,0,34884979,11/8/2025,11,Sat,17:30,Sunderland,Arsenal,2–2,Stadium of Light,46799,Craig Pawson,/en/matches/34884979/Sunderland-Arsenal-November-8-2025-Premier-League
ENG-Premier League,2526,2025-11-08 Sunderland-Arsenal,Arsenal,Riccardo Calafiori,33,ITA,LB,23-173,90,0,0,0,0,1,1,0,0,5,1,0,2,0,1,0,0,0,34884979,11/8/2025,11,Sat,17:30,Sunderland,Arsenal,2–2,Stadium of Light,46799,Craig Pawson,/en/matches/34884979/Sunderland-Arsenal-November-8-2025-Premier-League
ENG-Premier League,2526,2025-11-08 Sunderland-Arsenal,Arsenal,William Saliba,2,FRA,CB,24-229,90,0,0,0,0,1,0,0,0,0,1,0,0,0,0,0,0,0,34884979,11/8/2025,11,Sat,17:30,Sunderland,Arsenal,2–2,Stadium of Light,46799,Craig Pawson,/en/matches/34884979/Sunderland-Arsenal-November-8-2025-Premier-League
ENG-Premier League,2526,2025-11-23 Arsenal-Tottenham Hotspur,Arsenal,Bukayo Saka,7,ENG,AM,24-079,90,0,0,0,0,3,2,0,0,1,4,0,3,0,2,0,0,0,51a5792d,11/23/2025,12,Sun,16:30,Arsenal,Tottenham Hotspur,4–1,Emirates Stadium,60345,Michael Oliver,/en/matches/51a5792d/North-London-Derby-Arsenal-Tottenham-Hotspur-November-23-2025-Premier-League
ENG-Premier League,2526,2025-11-23 Arsenal-Tottenham Hotspur,Arsenal,Cristhian Mosquera,3,ESP,DF,21-149,3,0,0,0,0,0,0,0,0,0,0,0,0,0,0,0,0,0,51a5792d,11/23/2025,12,Sun,16:30,Arsenal,Tottenham Hotspur,4–1,Emirates Stadium,60345,Michael Oliver,/en/matches/51a5792d/North-London-Derby-Arsenal-Tottenham-Hotspur-November-23-2025-Premier-League
ENG-Premier League,2526,2025-11-23 Arsenal-Tottenham Hotspur,Arsenal,David Raya,1,ESP,GK,30-069,90,0,0,0,0,0,0,0,0,0,1,0,0,0,0,0,0,0,51a5792d,11/23/2025,12,Sun,16:30,Arsenal,Tottenham Hotspur,4–1,Emirates Stadium,60345,Michael Oliver,/en/matches/51a5792d/North-London-Derby-Arsenal-Tottenham-Hotspur-November-23-2025-Premier-League
ENG-Premier League,2526,2025-11-23 Arsenal-Tottenham Hotspur,Arsenal,Declan Rice,41,ENG,DM,26-313,90,0,1,0,0,1,1,1,0,2,0,0,7,2,0,0,0,0,51a5792d,11/23/2025,12,Sun,16:30,Arsenal,Tottenham Hotspur,4–1,Emirates Stadium,60345,Michael Oliver,/en/matches/51a5792d/North-London-Derby-Arsenal-Tottenham-Hotspur-November-23-2025-Premier-League
ENG-Premier League,2526,2025-11-23 Arsenal-Tottenham Hotspur,Arsenal,Eberechi Eze,10,ENG,AM,27-147,90,3,0,0,0,6,4,0,0,0,2,0,0,1,2,0,0,0,51a5792d,11/23/2025,12,Sun,16:30,Arsenal,Tottenham Hotspur,4–1,Emirates Stadium,60345,Michael Oliver,/en/matches/51a5792d/North-London-Derby-Arsenal-Tottenham-Hotspur-November-23-2025-Premier-League
ENG-Premier League,2526,2025-11-23 Arsenal-Tottenham Hotspur,Arsenal,Ethan Nwaneri,22,ENG,MF,18-247,3,0,0,0,0,0,0,0,0,0,0,0,0,0,0,0,0,0,51a5792d,11/23/2025,12,Sun,16:30,Arsenal,Tottenham Hotspur,4–1,Emirates Stadium,60345,Michael Oliver,/en/matches/51a5792d/North-London-Derby-Arsenal-Tottenham-Hotspur-November-23-2025-Premier-League
ENG-Premier League,2526,2025-11-23 Arsenal-Tottenham Hotspur,Arsenal,Jurriën Timber,12,NED,RB,24-159,90,0,1,0,0,3,0,0,0,1,1,0,1,0,1,0,0,0,51a5792d,11/23/2025,12,Sun,16:30,Arsenal,Tottenham Hotspur,4–1,Emirates Stadium,60345,Michael Oliver,/en/matches/51a5792d/North-London-Derby-Arsenal-Tottenham-Hotspur-November-23-2025-Premier-League
ENG-Premier League,2526,2025-11-23 Arsenal-Tottenham Hotspur,Arsenal,Leandro Trossard,19,BEL,AM,30-354,77,1,1,0,0,1,1,0,0,0,2,0,1,1,0,0,0,0,51a5792d,11/23/2025,12,Sun,16:30,Arsenal,Tottenham Hotspur,4–1,Emirates Stadium,60345,Michael Oliver,/en/matches/51a5792d/North-London-Derby-Arsenal-Tottenham-Hotspur-November-23-2025-Premier-League
ENG-Premier League,2526,2025-11-23 Arsenal-Tottenham Hotspur,Arsenal,Martín Zubimendi,36,ESP,DM,26-294,90,0,0,0,0,1,0,0,0,2,1,0,0,2,1,0,0,0,51a5792d,11/23/2025,12,Sun,16:30,Arsenal,Tottenham Hotspur,4–1,Emirates Stadium,60345,Michael Oliver,/en/matches/51a5792d/North-London-Derby-Arsenal-Tottenham-Hotspur-November-23-2025-Premier-League
ENG-Premier League,2526,2025-11-23 Arsenal-Tottenham Hotspur,Arsenal,Mikel Merino,23,ESP,FW,29-154,87,0,1,0,0,1,0,0,0,3,3,2,1,5,1,0,0,0,51a5792d,11/23/2025,12,Sun,16:30,Arsenal,Tottenham Hotspur,4–1,Emirates Stadium,60345,Michael Oliver,/en/matches/51a5792d/North-London-Derby-Arsenal-Tottenham-Hotspur-November-23-2025-Premier-League
ENG-Premier League,2526,2025-11-23 Arsenal-Tottenham Hotspur,Arsenal,Myles Lewis-Skelly,49,ENG,DF,19-058,1,0,0,0,0,0,0,0,0,0,0,0,0,0,0,0,0,0,51a5792d,11/23/2025,12,Sun,16:30,Arsenal,Tottenham Hotspur,4–1,Emirates Stadium,60345,Michael Oliver,/en/matches/51a5792d/North-London-Derby-Arsenal-Tottenham-Hotspur-November-23-2025-Premier-League
ENG-Premier League,2526,2025-11-23 Arsenal-Tottenham Hotspur,Arsenal,Noni Madueke,20,ENG,"FW,MF",23-258,13,0,0,0,0,0,0,0,0,0,1,0,0,0,1,0,0,0,51a5792d,11/23/2025,12,Sun,16:30,Arsenal,Tottenham Hotspur,4–1,Emirates Stadium,60345,Michael Oliver,/en/matches/51a5792d/North-London-Derby-Arsenal-Tottenham-Hotspur-November-23-2025-Premier-League
ENG-Premier League,2526,2025-11-23 Arsenal-Tottenham Hotspur,Arsenal,Piero Hincapié,5,ECU,CB,23-318,87,0,0,0,0,0,0,0,0,1,0,0,0,1,1,0,0,0,51a5792d,11/23/2025,12,Sun,16:30,Arsenal,Tottenham Hotspur,4–1,Emirates Stadium,60345,Michael Oliver,/en/matches/51a5792d/North-London-Derby-Arsenal-Tottenham-Hotspur-November-23-2025-Premier-League
ENG-Premier League,2526,2025-11-23 Arsenal-Tottenham Hotspur,Arsenal,Riccardo Calafiori,33,ITA,LB,23-188,89,0,0,0,0,1,0,0,0,1,0,0,2,3,2,0,0,0,51a5792d,11/23/2025,12,Sun,16:30,Arsenal,Tottenham Hotspur,4–1,Emirates Stadium,60345,Michael Oliver,/en/matches/51a5792d/North-London-Derby-Arsenal-Tottenham-Hotspur-November-23-2025-Premier-League
ENG-Premier League,2526,2025-11-23 Arsenal-Tottenham Hotspur,Arsenal,William Saliba,2,FRA,CB,24-244,90,0,0,0,0,0,0,0,0,0,0,1,0,1,0,0,0,0,51a5792d,11/23/2025,12,Sun,16:30,Arsenal,Tottenham Hotspur,4–1,Emirates Stadium,60345,Michael Oliver,/en/matches/51a5792d/North-London-Derby-Arsenal-Tottenham-Hotspur-November-23-2025-Premier-League
ENG-Premier League,2526,2025-11-30 Chelsea-Arsenal,Arsenal,Bukayo Saka,7,ENG,FW,24-086,90,0,1,0,0,3,1,0,0,0,3,2,5,0,0,0,0,0,455c69b8,11/30/2025,13,Sun,16:30,Chelsea,Arsenal,1–1,Stamford Bridge,39820,Anthony Taylor,/en/matches/455c69b8/North-West-London-Derby-Chelsea-Arsenal-November-30-2025-Premier-League
ENG-Premier League,2526,2025-11-30 Chelsea-Arsenal,Arsenal,Cristhian Mosquera,3,ESP,CB,21-156,90,0,0,0,0,0,0,1,0,1,0,0,0,2,1,0,0,0,455c69b8,11/30/2025,13,Sun,16:30,Chelsea,Arsenal,1–1,Stamford Bridge,39820,Anthony Taylor,/en/matches/455c69b8/North-West-London-Derby-Chelsea-Arsenal-November-30-2025-Premier-League
ENG-Premier League,2526,2025-11-30 Chelsea-Arsenal,Arsenal,David Raya,1,ESP,GK,30-076,90,0,0,0,0,0,0,0,0,0,1,0,0,0,0,0,0,0,455c69b8,11/30/2025,13,Sun,16:30,Chelsea,Arsenal,1–1,Stamford Bridge,39820,Anthony Taylor,/en/matches/455c69b8/North-West-London-Derby-Chelsea-Arsenal-November-30-2025-Premier-League
ENG-Premier League,2526,2025-11-30 Chelsea-Arsenal,Arsenal,Declan Rice,41,ENG,CM,26-320,90,0,0,0,0,0,0,0,0,1,0,1,3,0,1,0,0,0,455c69b8,11/30/2025,13,Sun,16:30,Chelsea,Arsenal,1–1,Stamford Bridge,39820,Anthony Taylor,/en/matches/455c69b8/North-West-London-Derby-Chelsea-Arsenal-November-30-2025-Premier-League
ENG-Premier League,2526,2025-11-30 Chelsea-Arsenal,Arsenal,Eberechi Eze,10,ENG,CM,27-154,71,0,0,0,0,0,0,0,0,0,1,0,0,1,1,0,0,0,455c69b8,11/30/2025,13,Sun,16:30,Chelsea,Arsenal,1–1,Stamford Bridge,39820,Anthony Taylor,/en/matches/455c69b8/North-West-London-Derby-Chelsea-Arsenal-November-30-2025-Premier-League
ENG-Premier League,2526,2025-11-30 Chelsea-Arsenal,Arsenal,Gabriel Martinelli,11,BRA,FW,24-165,56,0,0,0,0,1,1,0,0,0,0,0,0,0,0,0,0,0,455c69b8,11/30/2025,13,Sun,16:30,Chelsea,Arsenal,1–1,Stamford Bridge,39820,Anthony Taylor,/en/matches/455c69b8/North-West-London-Derby-Chelsea-Arsenal-November-30-2025-Premier-League
ENG-Premier League,2526,2025-11-30 Chelsea-Arsenal,Arsenal,Jurriën Timber,12,NED,RB,24-166,90,0,0,0,0,1,0,0,0,2,2,0,3,3,2,0,0,0,455c69b8,11/30/2025,13,Sun,16:30,Chelsea,Arsenal,1–1,Stamford Bridge,39820,Anthony Taylor,/en/matches/455c69b8/North-West-London-Derby-Chelsea-Arsenal-November-30-2025-Premier-League
ENG-Premier League,2526,2025-11-30 Chelsea-Arsenal,Arsenal,Martin Ødegaard,8,NOR,"FW,MF",26-348,34,0,0,0,0,0,0,0,0,0,0,0,1,0,0,0,0,0,455c69b8,11/30/2025,13,Sun,16:30,Chelsea,Arsenal,1–1,Stamford Bridge,39820,Anthony Taylor,/en/matches/455c69b8/North-West-London-Derby-Chelsea-Arsenal-November-30-2025-Premier-League
ENG-Premier League,2526,2025-11-30 Chelsea-Arsenal,Arsenal,Martín Zubimendi,36,ESP,CM,26-301,56,0,0,0,0,0,0,1,0,1,0,0,0,0,1,0,0,0,455c69b8,11/30/2025,13,Sun,16:30,Chelsea,Arsenal,1–1,Stamford Bridge,39820,Anthony Taylor,/en/matches/455c69b8/North-West-London-Derby-Chelsea-Arsenal-November-30-2025-Premier-League
ENG-Premier League,2526,2025-11-30 Chelsea-Arsenal,Arsenal,Mikel Merino,23,ESP,FW,29-161,90,1,0,0,0,3,2,0,0,3,3,0,0,1,0,0,0,0,455c69b8,11/30/2025,13,Sun,16:30,Chelsea,Arsenal,1–1,Stamford Bridge,39820,Anthony Taylor,/en/matches/455c69b8/North-West-London-Derby-Chelsea-Arsenal-November-30-2025-Premier-League
ENG-Premier League,2526,2025-11-30 Chelsea-Arsenal,Arsenal,Myles Lewis-Skelly,49,ENG,DF,19-065,45,0,0,0,0,0,0,1,0,1,1,0,0,1,1,0,0,0,455c69b8,11/30/2025,13,Sun,16:30,Chelsea,Arsenal,1–1,Stamford Bridge,39820,Anthony Taylor,/en/matches/455c69b8/North-West-London-Derby-Chelsea-Arsenal-November-30-2025-Premier-League
ENG-Premier League,2526,2025-11-30 Chelsea-Arsenal,Arsenal,Noni Madueke,20,ENG,"FW,MF",23-265,34,0,0,0,0,0,0,0,0,0,1,0,1,0,0,0,0,0,455c69b8,11/30/2025,13,Sun,16:30,Chelsea,Arsenal,1–1,Stamford Bridge,39820,Anthony Taylor,/en/matches/455c69b8/North-West-London-Derby-Chelsea-Arsenal-November-30-2025-Premier-League
ENG-Premier League,2526,2025-11-30 Chelsea-Arsenal,Arsenal,Piero Hincapié,5,ECU,CB,23-325,90,0,0,0,0,0,0,1,0,2,0,0,1,1,0,0,0,0,455c69b8,11/30/2025,13,Sun,16:30,Chelsea,Arsenal,1–1,Stamford Bridge,39820,Anthony Taylor,/en/matches/455c69b8/North-West-London-Derby-Chelsea-Arsenal-November-30-2025-Premier-League
ENG-Premier League,2526,2025-11-30 Chelsea-Arsenal,Arsenal,Riccardo Calafiori,33,ITA,LB,23-195,45,0,0,0,0,0,0,1,0,1,0,0,1,1,2,0,0,0,455c69b8,11/30/2025,13,Sun,16:30,Chelsea,Arsenal,1–1,Stamford Bridge,39820,Anthony Taylor,/en/matches/455c69b8/North-West-London-Derby-Chelsea-Arsenal-November-30-2025-Premier-League
ENG-Premier League,2526,2025-11-30 Chelsea-Arsenal,Arsenal,Viktor Gyökeres,14,SWE,"FW,MF",27-179,19,0,0,0,0,0,0,1,0,1,0,0,0,0,0,0,0,0,455c69b8,11/30/2025,13,Sun,16:30,Chelsea,Arsenal,1–1,Stamford Bridge,39820,Anthony Taylor,/en/matches/455c69b8/North-West-London-Derby-Chelsea-Arsenal-November-30-2025-Premier-League
ENG-Premier League,2526,2025-12-03 Arsenal-Brentford,Arsenal,Ben White,4,ENG,RB,28-056,90,0,1,0,0,1,0,0,0,1,1,0,4,4,0,0,0,0,576f681d,12/3/2025,14,Wed,19:30,Arsenal,Brentford,2–0,Emirates Stadium,60110,Tony Harrington,/en/matches/576f681d/Arsenal-Brentford-December-3-2025-Premier-League
ENG-Premier League,2526,2025-12-03 Arsenal-Brentford,Arsenal,Bukayo Saka,7,ENG,"FW,MF",24-089,30,1,0,0,0,2,2,0,0,0,0,0,1,1,0,0,0,0,576f681d,12/3/2025,14,Wed,19:30,Arsenal,Brentford,2–0,Emirates Stadium,60110,Tony Harrington,/en/matches/576f681d/Arsenal-Brentford-December-3-2025-Premier-League
ENG-Premier League,2526,2025-12-03 Arsenal-Brentford,Arsenal,Cristhian Mosquera,3,ESP,CB,21-159,43,0,0,0,0,0,0,0,0,0,1,0,0,1,0,0,0,0,576f681d,12/3/2025,14,Wed,19:30,Arsenal,Brentford,2–0,Emirates Stadium,60110,Tony Harrington,/en/matches/576f681d/Arsenal-Brentford-December-3-2025-Premier-League
ENG-Premier League,2526,2025-12-03 Arsenal-Brentford,Arsenal,David Raya,1,ESP,GK,30-079,90,0,0,0,0,0,0,0,0,0,0,0,0,0,0,0,0,0,576f681d,12/3/2025,14,Wed,19:30,Arsenal,Brentford,2–0,Emirates Stadium,60110,Tony Harrington,/en/matches/576f681d/Arsenal-Brentford-December-3-2025-Premier-League
ENG-Premier League,2526,2025-12-03 Arsenal-Brentford,Arsenal,Declan Rice,41,ENG,CM,26-323,82,0,0,0,0,3,1,0,0,0,0,0,4,0,0,0,0,0,576f681d,12/3/2025,14,Wed,19:30,Arsenal,Brentford,2–0,Emirates Stadium,60110,Tony Harrington,/en/matches/576f681d/Arsenal-Brentford-December-3-2025-Premier-League
ENG-Premier League,2526,2025-12-03 Arsenal-Brentford,Arsenal,Eberechi Eze,10,ENG,"FW,MF",27-157,30,0,0,0,0,0,0,0,0,1,3,0,0,0,0,0,0,0,576f681d,12/3/2025,14,Wed,19:30,Arsenal,Brentford,2–0,Emirates Stadium,60110,Tony Harrington,/en/matches/576f681d/Arsenal-Brentford-December-3-2025-Premier-League
ENG-Premier League,2526,2025-12-03 Arsenal-Brentford,Arsenal,Gabriel Martinelli,11,BRA,FW,24-168,60,0,0,0,0,1,0,0,0,1,2,0,1,0,0,0,0,0,576f681d,12/3/2025,14,Wed,19:30,Arsenal,Brentford,2–0,Emirates Stadium,60110,Tony Harrington,/en/matches/576f681d/Arsenal-Brentford-December-3-2025-Premier-League
ENG-Premier League,2526,2025-12-03 Arsenal-Brentford,Arsenal,Jurriën Timber,12,NED,DF,24-169,47,0,0,0,0,0,0,0,0,1,0,0,0,0,1,0,0,0,576f681d,12/3/2025,14,Wed,19:30,Arsenal,Brentford,2–0,Emirates Stadium,60110,Tony Harrington,/en/matches/576f681d/Arsenal-Brentford-December-3-2025-Premier-League
ENG-Premier League,2526,2025-12-03 Arsenal-Brentford,Arsenal,Martin Ødegaard,8,NOR,CM,26-351,90,0,0,0,0,1,0,0,0,0,0,0,1,1,1,0,0,0,576f681d,12/3/2025,14,Wed,19:30,Arsenal,Brentford,2–0,Emirates Stadium,60110,Tony Harrington,/en/matches/576f681d/Arsenal-Brentford-December-3-2025-Premier-League
ENG-Premier League,2526,2025-12-03 Arsenal-Brentford,Arsenal,Martín Zubimendi,36,ESP,CM,26-304,90,0,0,0,0,0,0,0,0,0,1,0,0,1,0,0,0,0,576f681d,12/3/2025,14,Wed,19:30,Arsenal,Brentford,2–0,Emirates Stadium,60110,Tony Harrington,/en/matches/576f681d/Arsenal-Brentford-December-3-2025-Premier-League
ENG-Premier League,2526,2025-12-03 Arsenal-Brentford,Arsenal,Mikel Merino,23,ESP,FW,29-164,90,1,1,0,0,3,1,0,0,0,0,0,0,2,0,0,0,0,576f681d,12/3/2025,14,Wed,19:30,Arsenal,Brentford,2–0,Emirates Stadium,60110,Tony Harrington,/en/matches/576f681d/Arsenal-Brentford-December-3-2025-Premier-League
ENG-Premier League,2526,2025-12-03 Arsenal-Brentford,Arsenal,Noni Madueke,20,ENG,FW,23-268,60,0,0,0,0,2,1,0,0,1,0,0,4,1,0,0,0,0,576f681d,12/3/2025,14,Wed,19:30,Arsenal,Brentford,2–0,Emirates Stadium,60110,Tony Harrington,/en/matches/576f681d/Arsenal-Brentford-December-3-2025-Premier-League
ENG-Premier League,2526,2025-12-03 Arsenal-Brentford,Arsenal,Piero Hincapié,5,ECU,CB,23-328,90,0,0,0,0,0,0,0,0,1,0,0,0,1,3,0,0,0,576f681d,12/3/2025,14,Wed,19:30,Arsenal,Brentford,2–0,Emirates Stadium,60110,Tony Harrington,/en/matches/576f681d/Arsenal-Brentford-December-3-2025-Premier-League
ENG-Premier League,2526,2025-12-03 Arsenal-Brentford,Arsenal,Riccardo Calafiori,33,ITA,LB,23-198,90,0,0,0,0,2,2,0,0,1,0,0,0,3,1,0,0,0,576f681d,12/3/2025,14,Wed,19:30,Arsenal,Brentford,2–0,Emirates Stadium,60110,Tony Harrington,/en/matches/576f681d/Arsenal-Brentford-December-3-2025-Premier-League
ENG-Premier League,2526,2025-12-03 Arsenal-Brentford,Arsenal,Viktor Gyökeres,14,SWE,"FW,MF",27-182,8,0,0,0,0,0,0,0,0,0,0,0,0,0,0,0,0,0,576f681d,12/3/2025,14,Wed,19:30,Arsenal,Brentford,2–0,Emirates Stadium,60110,Tony Harrington,/en/matches/576f681d/Arsenal-Brentford-December-3-2025-Premier-League
ENG-Premier League,2526,2025-12-06 Aston Villa-Arsenal,Arsenal,Ben White,4,ENG,RB,28-059,90,0,0,0,0,1,1,0,0,0,1,0,3,2,0,0,0,0,f6d068df,12/6/2025,15,Sat,12:30,Aston Villa,Arsenal,2–1,Villa Park,42888,Peter Bankes,/en/matches/f6d068df/Aston-Villa-Arsenal-December-6-2025-Premier-League
ENG-Premier League,2526,2025-12-06 Aston Villa-Arsenal,Arsenal,Bukayo Saka,7,ENG,FW,24-092,78,0,0,0,0,4,2,1,0,3,2,1,3,0,0,0,0,0,f6d068df,12/6/2025,15,Sat,12:30,Aston Villa,Arsenal,2–1,Villa Park,42888,Peter Bankes,/en/matches/f6d068df/Aston-Villa-Arsenal-December-6-2025-Premier-League
ENG-Premier League,2526,2025-12-06 Aston Villa-Arsenal,Arsenal,David Raya,1,ESP,GK,30-082,90,0,0,0,0,0,0,0,0,0,1,0,0,0,0,0,0,0,f6d068df,12/6/2025,15,Sat,12:30,Aston Villa,Arsenal,2–1,Villa Park,42888,Peter Bankes,/en/matches/f6d068df/Aston-Villa-Arsenal-December-6-2025-Premier-League
ENG-Premier League,2526,2025-12-06 Aston Villa-Arsenal,Arsenal,Declan Rice,41,ENG,CM,26-326,90,0,0,0,0,2,1,0,0,0,0,0,5,2,2,0,0,0,f6d068df,12/6/2025,15,Sat,12:30,Aston Villa,Arsenal,2–1,Villa Park,42888,Peter Bankes,/en/matches/f6d068df/Aston-Villa-Arsenal-December-6-2025-Premier-League
ENG-Premier League,2526,2025-12-06 Aston Villa-Arsenal,Arsenal,Eberechi Eze,10,ENG,FW,27-160,45,0,0,0,0,0,0,0,0,1,1,0,0,0,0,0,0,0,f6d068df,12/6/2025,15,Sat,12:30,Aston Villa,Arsenal,2–1,Villa Park,42888,Peter Bankes,/en/matches/f6d068df/Aston-Villa-Arsenal-December-6-2025-Premier-League
ENG-Premier League,2526,2025-12-06 Aston Villa-Arsenal,Arsenal,Gabriel Martinelli,11,BRA,"FW,MF",24-171,5,0,0,0,0,0,0,0,0,1,0,0,0,0,0,0,0,0,f6d068df,12/6/2025,15,Sat,12:30,Aston Villa,Arsenal,2–1,Villa Park,42888,Peter Bankes,/en/matches/f6d068df/Aston-Villa-Arsenal-December-6-2025-Premier-League
ENG-Premier League,2526,2025-12-06 Aston Villa-Arsenal,Arsenal,Jurriën Timber,12,NED,CB,24-172,90,0,0,0,0,1,0,0,0,1,0,0,0,3,2,0,0,0,f6d068df,12/6/2025,15,Sat,12:30,Aston Villa,Arsenal,2–1,Villa Park,42888,Peter Bankes,/en/matches/f6d068df/Aston-Villa-Arsenal-December-6-2025-Premier-League
ENG-Premier League,2526,2025-12-06 Aston Villa-Arsenal,Arsenal,Leandro Trossard,19,BEL,"FW,MF",31-002,40,1,0,0,0,3,2,0,0,0,2,1,2,1,0,0,0,0,f6d068df,12/6/2025,15,Sat,12:30,Aston Villa,Arsenal,2–1,Villa Park,42888,Peter Bankes,/en/matches/f6d068df/Aston-Villa-Arsenal-December-6-2025-Premier-League
ENG-Premier League,2526,2025-12-06 Aston Villa-Arsenal,Arsenal,Martin Ødegaard,8,NOR,CM,26-354,90,0,0,0,0,3,3,0,0,0,0,1,1,2,1,0,0,0,f6d068df,12/6/2025,15,Sat,12:30,Aston Villa,Arsenal,2–1,Villa Park,42888,Peter Bankes,/en/matches/f6d068df/Aston-Villa-Arsenal-December-6-2025-Premier-League
ENG-Premier League,2526,2025-12-06 Aston Villa-Arsenal,Arsenal,Martín Zubimendi,36,ESP,CM,26-307,90,0,0,0,0,0,0,0,0,1,0,0,0,0,3,0,0,0,f6d068df,12/6/2025,15,Sat,12:30,Aston Villa,Arsenal,2–1,Villa Park,42888,Peter Bankes,/en/matches/f6d068df/Aston-Villa-Arsenal-December-6-2025-Premier-League
ENG-Premier League,2526,2025-12-06 Aston Villa-Arsenal,Arsenal,Mikel Merino,23,ESP,FW,29-167,45,0,0,0,0,0,0,0,0,0,1,0,0,0,0,0,0,0,f6d068df,12/6/2025,15,Sat,12:30,Aston Villa,Arsenal,2–1,Villa Park,42888,Peter Bankes,/en/matches/f6d068df/Aston-Villa-Arsenal-December-6-2025-Premier-League
ENG-Premier League,2526,2025-12-06 Aston Villa-Arsenal,Arsenal,Myles Lewis-Skelly,49,ENG,DF,19-071,5,0,0,0,0,0,0,0,0,0,0,0,0,0,0,0,0,0,f6d068df,12/6/2025,15,Sat,12:30,Aston Villa,Arsenal,2–1,Villa Park,42888,Peter Bankes,/en/matches/f6d068df/Aston-Villa-Arsenal-December-6-2025-Premier-League
ENG-Premier League,2526,2025-12-06 Aston Villa-Arsenal,Arsenal,Noni Madueke,20,ENG,"FW,MF",23-271,12,0,0,0,0,1,0,0,0,0,1,0,0,0,0,0,0,0,f6d068df,12/6/2025,15,Sat,12:30,Aston Villa,Arsenal,2–1,Villa Park,42888,Peter Bankes,/en/matches/f6d068df/Aston-Villa-Arsenal-December-6-2025-Premier-League
ENG-Premier League,2526,2025-12-06 Aston Villa-Arsenal,Arsenal,Piero Hincapié,5,ECU,CB,23-331,90,0,0,0,0,0,0,0,0,0,0,0,0,1,1,0,0,0,f6d068df,12/6/2025,15,Sat,12:30,Aston Villa,Arsenal,2–1,Villa Park,42888,Peter Bankes,/en/matches/f6d068df/Aston-Villa-Arsenal-December-6-2025-Premier-League
ENG-Premier League,2526,2025-12-06 Aston Villa-Arsenal,Arsenal,Riccardo Calafiori,33,ITA,LB,23-201,85,0,0,0,0,0,0,1,0,1,1,0,1,0,1,0,0,0,f6d068df,12/6/2025,15,Sat,12:30,Aston Villa,Arsenal,2–1,Villa Park,42888,Peter Bankes,/en/matches/f6d068df/Aston-Villa-Arsenal-December-6-2025-Premier-League
ENG-Premier League,2526,2025-12-06 Aston Villa-Arsenal,Arsenal,Viktor Gyökeres,14,SWE,"FW,MF",27-185,45,0,0,0,0,0,0,0,0,0,0,0,1,0,0,0,0,0,f6d068df,12/6/2025,15,Sat,12:30,Aston Villa,Arsenal,2–1,Villa Park,42888,Peter Bankes,/en/matches/f6d068df/Aston-Villa-Arsenal-December-6-2025-Premier-League
ENG-Premier League,2526,2025-12-13 Arsenal-Wolves,Arsenal,Ben White,4,ENG,RB,28-066,30,0,0,0,0,0,0,0,0,0,0,1,1,0,0,0,0,0,5914e624,12/13/2025,16,Sat,20:00,Arsenal,Wolves,2–1,Emirates Stadium,60242,Robert Jones,/en/matches/5914e624/Arsenal-Wolverhampton-Wanderers-December-13-2025-Premier-League
ENG-Premier League,2526,2025-12-13 Arsenal-Wolves,Arsenal,Bukayo Saka,7,ENG,FW,24-099,90,0,0,0,0,1,0,0,0,0,4,0,10,0,0,0,0,0,5914e624,12/13/2025,16,Sat,20:00,Arsenal,Wolves,2–1,Emirates Stadium,60242,Robert Jones,/en/matches/5914e624/Arsenal-Wolverhampton-Wanderers-December-13-2025-Premier-League
ENG-Premier League,2526,2025-12-13 Arsenal-Wolves,Arsenal,David Raya,1,ESP,GK,30-089,90,0,0,0,0,0,0,0,0,0,0,0,0,0,0,0,0,0,5914e624,12/13/2025,16,Sat,20:00,Arsenal,Wolves,2–1,Emirates Stadium,60242,Robert Jones,/en/matches/5914e624/Arsenal-Wolverhampton-Wanderers-December-13-2025-Premier-League
ENG-Premier League,2526,2025-12-13 Arsenal-Wolves,Arsenal,Declan Rice,41,ENG,CM,26-333,90,0,0,0,0,3,1,0,0,1,0,0,10,0,0,0,0,0,5914e624,12/13/2025,16,Sat,20:00,Arsenal,Wolves,2–1,Emirates Stadium,60242,Robert Jones,/en/matches/5914e624/Arsenal-Wolverhampton-Wanderers-December-13-2025-Premier-League
ENG-Premier League,2526,2025-12-13 Arsenal-Wolves,Arsenal,Eberechi Eze,10,ENG,CM,27-167,56,0,0,0,0,0,0,0,0,1,1,0,1,0,1,0,0,0,5914e624,12/13/2025,16,Sat,20:00,Arsenal,Wolves,2–1,Emirates Stadium,60242,Robert Jones,/en/matches/5914e624/Arsenal-Wolverhampton-Wanderers-December-13-2025-Premier-League
ENG-Premier League,2526,2025-12-13 Arsenal-Wolves,Arsenal,Gabriel Jesus,9,BRA,"FW,MF",28-254,10,0,0,0,0,1,1,0,0,0,0,0,0,0,0,0,0,0,5914e624,12/13/2025,16,Sat,20:00,Arsenal,Wolves,2–1,Emirates Stadium,60242,Robert Jones,/en/matches/5914e624/Arsenal-Wolverhampton-Wanderers-December-13-2025-Premier-League
ENG-Premier League,2526,2025-12-13 Arsenal-Wolves,Arsenal,Gabriel Martinelli,11,BRA,FW,24-178,56,0,0,0,0,4,0,0,0,1,3,0,1,0,0,0,0,0,5914e624,12/13/2025,16,Sat,20:00,Arsenal,Wolves,2–1,Emirates Stadium,60242,Robert Jones,/en/matches/5914e624/Arsenal-Wolverhampton-Wanderers-December-13-2025-Premier-League
ENG-Premier League,2526,2025-12-13 Arsenal-Wolves,Arsenal,Jurriën Timber,12,NED,CB,24-179,90,0,0,0,0,1,0,0,0,1,2,0,4,0,0,0,0,0,5914e624,12/13/2025,16,Sat,20:00,Arsenal,Wolves,2–1,Emirates Stadium,60242,Robert Jones,/en/matches/5914e624/Arsenal-Wolverhampton-Wanderers-December-13-2025-Premier-League
ENG-Premier League,2526,2025-12-13 Arsenal-Wolves,Arsenal,Leandro Trossard,19,BEL,"FW,MF",31-009,34,0,0,0,0,1,0,0,0,0,1,0,0,1,0,0,0,0,5914e624,12/13/2025,16,Sat,20:00,Arsenal,Wolves,2–1,Emirates Stadium,60242,Robert Jones,/en/matches/5914e624/Arsenal-Wolverhampton-Wanderers-December-13-2025-Premier-League
ENG-Premier League,2526,2025-12-13 Arsenal-Wolves,Arsenal,Martin Ødegaard,8,NOR,"FW,MF",26-361,34,0,0,0,0,2,0,0,0,0,0,0,0,0,0,0,0,0,5914e624,12/13/2025,16,Sat,20:00,Arsenal,Wolves,2–1,Emirates Stadium,60242,Robert Jones,/en/matches/5914e624/Arsenal-Wolverhampton-Wanderers-December-13-2025-Premier-League
ENG-Premier League,2526,2025-12-13 Arsenal-Wolves,Arsenal,Martín Zubimendi,36,ESP,CM,26-314,56,0,0,0,0,0,0,0,0,0,0,0,0,0,2,0,0,0,5914e624,12/13/2025,16,Sat,20:00,Arsenal,Wolves,2–1,Emirates Stadium,60242,Robert Jones,/en/matches/5914e624/Arsenal-Wolverhampton-Wanderers-December-13-2025-Premier-League
ENG-Premier League,2526,2025-12-13 Arsenal-Wolves,Arsenal,Mikel Merino,23,ESP,MF,29-174,34,0,0,0,0,1,0,0,0,0,1,0,0,0,0,0,0,0,5914e624,12/13/2025,16,Sat,20:00,Arsenal,Wolves,2–1,Emirates Stadium,60242,Robert Jones,/en/matches/5914e624/Arsenal-Wolverhampton-Wanderers-December-13-2025-Premier-League
ENG-Premier League,2526,2025-12-13 Arsenal-Wolves,Arsenal,Myles Lewis-Skelly,49,ENG,DF,19-078,60,0,0,0,0,1,0,0,0,0,1,0,0,1,0,0,0,0,5914e624,12/13/2025,16,Sat,20:00,Arsenal,Wolves,2–1,Emirates Stadium,60242,Robert Jones,/en/matches/5914e624/Arsenal-Wolverhampton-Wanderers-December-13-2025-Premier-League
ENG-Premier League,2526,2025-12-13 Arsenal-Wolves,Arsenal,Piero Hincapié,5,ECU,LB,23-338,90,0,0,0,0,0,0,0,0,2,1,0,2,0,3,0,0,0,5914e624,12/13/2025,16,Sat,20:00,Arsenal,Wolves,2–1,Emirates Stadium,60242,Robert Jones,/en/matches/5914e624/Arsenal-Wolverhampton-Wanderers-December-13-2025-Premier-League
ENG-Premier League,2526,2025-12-13 Arsenal-Wolves,Arsenal,Viktor Gyökeres,14,SWE,FW,27-192,80,0,0,0,0,1,0,0,0,1,1,0,1,0,0,0,0,0,5914e624,12/13/2025,16,Sat,20:00,Arsenal,Wolves,2–1,Emirates Stadium,60242,Robert Jones,/en/matches/5914e624/Arsenal-Wolverhampton-Wanderers-December-13-2025-Premier-League
ENG-Premier League,2526,2025-12-13 Arsenal-Wolves,Arsenal,William Saliba,2,FRA,CB,24-264,90,0,0,0,0,0,0,0,0,0,0,0,0,1,2,0,0,0,5914e624,12/13/2025,16,Sat,20:00,Arsenal,Wolves,2–1,Emirates Stadium,60242,Robert Jones,/en/matches/5914e624/Arsenal-Wolverhampton-Wanderers-December-13-2025-Premier-League
ENG-Premier League,2526,2025-12-20 Everton-Arsenal,Arsenal,Bukayo Saka,7,ENG,FW,24-106,90,0,0,0,0,4,1,0,0,1,0,0,5,1,0,0,0,0,9bf2aba0,12/20/2025,17,Sat,20:00,Everton,Arsenal,0–1,Hill Dickinson Stadium,52513,Samuel Barrott,/en/matches/9bf2aba0/Everton-Arsenal-December-20-2025-Premier-League
ENG-Premier League,2526,2025-12-20 Everton-Arsenal,Arsenal,David Raya,1,ESP,GK,30-096,90,0,0,0,0,0,0,0,0,0,0,0,0,0,0,0,0,0,9bf2aba0,12/20/2025,17,Sat,20:00,Everton,Arsenal,0–1,Hill Dickinson Stadium,52513,Samuel Barrott,/en/matches/9bf2aba0/Everton-Arsenal-December-20-2025-Premier-League
ENG-Premier League,2526,2025-12-20 Everton-Arsenal,Arsenal,Declan Rice,41,ENG,CM,26-340,90,0,0,0,0,1,0,0,0,0,1,0,1,2,2,0,0,0,9bf2aba0,12/20/2025,17,Sat,20:00,Everton,Arsenal,0–1,Hill Dickinson Stadium,52513,Samuel Barrott,/en/matches/9bf2aba0/Everton-Arsenal-December-20-2025-Premier-League
ENG-Premier League,2526,2025-12-20 Everton-Arsenal,Arsenal,Gabriel Jesus,9,BRA,"FW,MF",28-261,26,0,0,0,0,1,0,0,0,0,1,0,0,0,0,0,0,0,9bf2aba0,12/20/2025,17,Sat,20:00,Everton,Arsenal,0–1,Hill Dickinson Stadium,52513,Samuel Barrott,/en/matches/9bf2aba0/Everton-Arsenal-December-20-2025-Premier-League
ENG-Premier League,2526,2025-12-20 Everton-Arsenal,Arsenal,Gabriel Martinelli,11,BRA,"FW,MF",24-185,11,0,0,0,0,0,0,1,0,0,0,0,0,0,0,0,0,0,9bf2aba0,12/20/2025,17,Sat,20:00,Everton,Arsenal,0–1,Hill Dickinson Stadium,52513,Samuel Barrott,/en/matches/9bf2aba0/Everton-Arsenal-December-20-2025-Premier-League
ENG-Premier League,2526,2025-12-20 Everton-Arsenal,Arsenal,Jurriën Timber,12,NED,RB,24-186,90,0,0,0,0,1,0,0,0,1,0,0,4,2,0,0,0,0,9bf2aba0,12/20/2025,17,Sat,20:00,Everton,Arsenal,0–1,Hill Dickinson Stadium,52513,Samuel Barrott,/en/matches/9bf2aba0/Everton-Arsenal-December-20-2025-Premier-League
ENG-Premier League,2526,2025-12-20 Everton-Arsenal,Arsenal,Leandro Trossard,19,BEL,FW,31-016,79,0,0,0,0,1,0,0,0,0,0,0,1,1,0,0,0,0,9bf2aba0,12/20/2025,17,Sat,20:00,Everton,Arsenal,0–1,Hill Dickinson Stadium,52513,Samuel Barrott,/en/matches/9bf2aba0/Everton-Arsenal-December-20-2025-Premier-League
ENG-Premier League,2526,2025-12-20 Everton-Arsenal,Arsenal,Martin Ødegaard,8,NOR,CM,27-003,87,0,0,0,0,0,0,0,0,1,0,1,1,0,0,0,0,0,9bf2aba0,12/20/2025,17,Sat,20:00,Everton,Arsenal,0–1,Hill Dickinson Stadium,52513,Samuel Barrott,/en/matches/9bf2aba0/Everton-Arsenal-December-20-2025-Premier-League
ENG-Premier League,2526,2025-12-20 Everton-Arsenal,Arsenal,Martín Zubimendi,36,ESP,CM,26-321,90,0,0,0,0,2,0,0,0,0,0,0,0,0,1,0,0,0,9bf2aba0,12/20/2025,17,Sat,20:00,Everton,Arsenal,0–1,Hill Dickinson Stadium,52513,Samuel Barrott,/en/matches/9bf2aba0/Everton-Arsenal-December-20-2025-Premier-League
ENG-Premier League,2526,2025-12-20 Everton-Arsenal,Arsenal,Mikel Merino,23,ESP,MF,29-181,3,0,0,0,0,0,0,0,0,0,0,0,0,0,0,0,0,0,9bf2aba0,12/20/2025,17,Sat,20:00,Everton,Arsenal,0–1,Hill Dickinson Stadium,52513,Samuel Barrott,/en/matches/9bf2aba0/Everton-Arsenal-December-20-2025-Premier-League
ENG-Premier League,2526,2025-12-20 Everton-Arsenal,Arsenal,Piero Hincapié,5,ECU,CB,23-345,90,0,0,0,0,0,0,0,0,1,0,0,0,1,2,0,0,0,9bf2aba0,12/20/2025,17,Sat,20:00,Everton,Arsenal,0–1,Hill Dickinson Stadium,52513,Samuel Barrott,/en/matches/9bf2aba0/Everton-Arsenal-December-20-2025-Premier-League
ENG-Premier League,2526,2025-12-20 Everton-Arsenal,Arsenal,Riccardo Calafiori,33,ITA,LB,23-215,90,0,0,0,0,0,0,0,0,1,0,0,0,1,0,0,0,0,9bf2aba0,12/20/2025,17,Sat,20:00,Everton,Arsenal,0–1,Hill Dickinson Stadium,52513,Samuel Barrott,/en/matches/9bf2aba0/Everton-Arsenal-December-20-2025-Premier-League
ENG-Premier League,2526,2025-12-20 Everton-Arsenal,Arsenal,Viktor Gyökeres,14,SWE,FW,27-199,64,1,0,1,1,3,1,1,0,0,1,0,0,1,0,0,0,0,9bf2aba0,12/20/2025,17,Sat,20:00,Everton,Arsenal,0–1,Hill Dickinson Stadium,52513,Samuel Barrott,/en/matches/9bf2aba0/Everton-Arsenal-December-20-2025-Premier-League
ENG-Premier League,2526,2025-12-20 Everton-Arsenal,Arsenal,William Saliba,2,FRA,CB,24-271,90,0,0,0,0,0,0,0,0,0,0,0,0,0,1,0,0,0,9bf2aba0,12/20/2025,17,Sat,20:00,Everton,Arsenal,0–1,Hill Dickinson Stadium,52513,Samuel Barrott,/en/matches/9bf2aba0/Everton-Arsenal-December-20-2025-Premier-League
ENG-Premier League,2526,2025-12-27 Arsenal-Brighton,Arsenal,Bukayo Saka,7,ENG,FW,24-113,90,0,1,0,0,7,2,0,0,0,1,0,7,1,1,0,0,0,ad61fc31,12/27/2025,18,Sat,15:00,Arsenal,Brighton,2–1,Emirates Stadium,60209,John Brooks,/en/matches/ad61fc31/Arsenal-Brighton-and-Hove-Albion-December-27-2025-Premier-League
ENG-Premier League,2526,2025-12-27 Arsenal-Brighton,Arsenal,David Raya,1,ESP,GK,30-103,90,0,0,0,0,0,0,0,0,0,0,0,0,0,0,0,0,0,ad61fc31,12/27/2025,18,Sat,15:00,Arsenal,Brighton,2–1,Emirates Stadium,60209,John Brooks,/en/matches/ad61fc31/Arsenal-Brighton-and-Hove-Albion-December-27-2025-Premier-League
ENG-Premier League,2526,2025-12-27 Arsenal-Brighton,Arsenal,Declan Rice,41,ENG,RB,26-347,90,0,0,0,0,3,0,0,0,1,1,0,6,0,3,0,0,0,ad61fc31,12/27/2025,18,Sat,15:00,Arsenal,Brighton,2–1,Emirates Stadium,60209,John Brooks,/en/matches/ad61fc31/Arsenal-Brighton-and-Hove-Albion-December-27-2025-Premier-League
ENG-Premier League,2526,2025-12-27 Arsenal-Brighton,Arsenal,Gabriel Jesus,9,BRA,"FW,MF",28-268,20,0,0,0,0,2,0,0,0,0,0,0,0,0,0,0,0,0,ad61fc31,12/27/2025,18,Sat,15:00,Arsenal,Brighton,2–1,Emirates Stadium,60209,John Brooks,/en/matches/ad61fc31/Arsenal-Brighton-and-Hove-Albion-December-27-2025-Premier-League
ENG-Premier League,2526,2025-12-27 Arsenal-Brighton,Arsenal,Gabriel Magalhães,6,BRA,DF,28-008,20,0,0,0,0,1,0,0,0,0,0,0,0,0,0,0,0,0,ad61fc31,12/27/2025,18,Sat,15:00,Arsenal,Brighton,2–1,Emirates Stadium,60209,John Brooks,/en/matches/ad61fc31/Arsenal-Brighton-and-Hove-Albion-December-27-2025-Premier-League
ENG-Premier League,2526,2025-12-27 Arsenal-Brighton,Arsenal,Gabriel Martinelli,11,BRA,"FW,MF",24-192,9,0,0,0,0,1,0,0,0,0,0,0,1,1,0,0,0,0,ad61fc31,12/27/2025,18,Sat,15:00,Arsenal,Brighton,2–1,Emirates Stadium,60209,John Brooks,/en/matches/ad61fc31/Arsenal-Brighton-and-Hove-Albion-December-27-2025-Premier-League
ENG-Premier League,2526,2025-12-27 Arsenal-Brighton,Arsenal,Leandro Trossard,19,BEL,FW,31-023,81,0,0,0,0,2,0,0,0,1,3,1,1,0,0,0,0,0,ad61fc31,12/27/2025,18,Sat,15:00,Arsenal,Brighton,2–1,Emirates Stadium,60209,John Brooks,/en/matches/ad61fc31/Arsenal-Brighton-and-Hove-Albion-December-27-2025-Premier-League
ENG-Premier League,2526,2025-12-27 Arsenal-Brighton,Arsenal,Martin Ødegaard,8,NOR,CM,27-010,90,1,0,0,0,2,1,0,0,0,0,0,1,0,1,0,0,0,ad61fc31,12/27/2025,18,Sat,15:00,Arsenal,Brighton,2–1,Emirates Stadium,60209,John Brooks,/en/matches/ad61fc31/Arsenal-Brighton-and-Hove-Albion-December-27-2025-Premier-League
ENG-Premier League,2526,2025-12-27 Arsenal-Brighton,Arsenal,Martín Zubimendi,36,ESP,CM,26-328,90,0,0,0,0,1,1,0,0,0,0,0,1,0,2,0,0,0,ad61fc31,12/27/2025,18,Sat,15:00,Arsenal,Brighton,2–1,Emirates Stadium,60209,John Brooks,/en/matches/ad61fc31/Arsenal-Brighton-and-Hove-Albion-December-27-2025-Premier-League
ENG-Premier League,2526,2025-12-27 Arsenal-Brighton,Arsenal,Mikel Merino,23,ESP,CM,29-188,90,0,0,0,0,2,0,0,0,2,2,0,0,1,1,0,0,0,ad61fc31,12/27/2025,18,Sat,15:00,Arsenal,Brighton,2–1,Emirates Stadium,60209,John Brooks,/en/matches/ad61fc31/Arsenal-Brighton-and-Hove-Albion-December-27-2025-Premier-League
ENG-Premier League,2526,2025-12-27 Arsenal-Brighton,Arsenal,Myles Lewis-Skelly,49,ENG,LB,19-092,70,0,0,0,0,0,0,1,0,0,1,0,0,0,0,0,0,0,ad61fc31,12/27/2025,18,Sat,15:00,Arsenal,Brighton,2–1,Emirates Stadium,60209,John Brooks,/en/matches/ad61fc31/Arsenal-Brighton-and-Hove-Albion-December-27-2025-Premier-League
ENG-Premier League,2526,2025-12-27 Arsenal-Brighton,Arsenal,Piero Hincapié,5,ECU,CB,23-352,90,0,0,0,0,0,0,1,0,1,0,0,2,2,1,0,0,0,ad61fc31,12/27/2025,18,Sat,15:00,Arsenal,Brighton,2–1,Emirates Stadium,60209,John Brooks,/en/matches/ad61fc31/Arsenal-Brighton-and-Hove-Albion-December-27-2025-Premier-League
ENG-Premier League,2526,2025-12-27 Arsenal-Brighton,Arsenal,Viktor Gyökeres,14,SWE,FW,27-206,70,0,0,0,0,3,2,0,0,2,2,0,0,0,0,0,0,0,ad61fc31,12/27/2025,18,Sat,15:00,Arsenal,Brighton,2–1,Emirates Stadium,60209,John Brooks,/en/matches/ad61fc31/Arsenal-Brighton-and-Hove-Albion-December-27-2025-Premier-League
ENG-Premier League,2526,2025-12-27 Arsenal-Brighton,Arsenal,William Saliba,2,FRA,CB,24-278,90,0,0,0,0,0,0,0,0,0,2,0,0,0,0,0,0,0,ad61fc31,12/27/2025,18,Sat,15:00,Arsenal,Brighton,2–1,Emirates Stadium,60209,John Brooks,/en/matches/ad61fc31/Arsenal-Brighton-and-Hove-Albion-December-27-2025-Premier-League
ENG-Premier League,2526,2025-12-30 Arsenal-Aston Villa,Arsenal,Ben White,4,ENG,DF,28-083,8,0,0,0,0,0,0,0,0,0,0,1,0,0,0,0,0,0,89b4ea51,12/30/2025,19,Tue,20:15,Arsenal,Aston Villa,4–1,Emirates Stadium,60279,Darren England,/en/matches/89b4ea51/Arsenal-Aston-Villa-December-30-2025-Premier-League
ENG-Premier League,2526,2025-12-30 Arsenal-Aston Villa,Arsenal,Bukayo Saka,7,ENG,FW,24-116,82,0,0,0,0,2,0,0,0,2,1,2,1,1,0,0,0,0,89b4ea51,12/30/2025,19,Tue,20:15,Arsenal,Aston Villa,4–1,Emirates Stadium,60279,Darren England,/en/matches/89b4ea51/Arsenal-Aston-Villa-December-30-2025-Premier-League
ENG-Premier League,2526,2025-12-30 Arsenal-Aston Villa,Arsenal,Christian Nørgaard,16,DEN,MF,31-295,18,0,0,0,0,0,0,0,0,0,0,0,0,0,0,0,0,0,89b4ea51,12/30/2025,19,Tue,20:15,Arsenal,Aston Villa,4–1,Emirates Stadium,60279,Darren England,/en/matches/89b4ea51/Arsenal-Aston-Villa-December-30-2025-Premier-League
ENG-Premier League,2526,2025-12-30 Arsenal-Aston Villa,Arsenal,David Raya,1,ESP,GK,30-106,90,0,0,0,0,0,0,0,0,0,0,0,0,0,0,0,0,0,89b4ea51,12/30/2025,19,Tue,20:15,Arsenal,Aston Villa,4–1,Emirates Stadium,60279,Darren England,/en/matches/89b4ea51/Arsenal-Aston-Villa-December-30-2025-Premier-League
ENG-Premier League,2526,2025-12-30 Arsenal-Aston Villa,Arsenal,Gabriel Jesus,9,BRA,"FW,MF",28-271,14,1,0,0,0,1,1,1,0,1,0,0,0,0,0,0,0,0,89b4ea51,12/30/2025,19,Tue,20:15,Arsenal,Aston Villa,4–1,Emirates Stadium,60279,Darren England,/en/matches/89b4ea51/Arsenal-Aston-Villa-December-30-2025-Premier-League
ENG-Premier League,2526,2025-12-30 Arsenal-Aston Villa,Arsenal,Gabriel Magalhães,6,BRA,CB,28-011,76,1,0,0,0,1,1,0,0,0,2,0,0,0,1,0,0,0,89b4ea51,12/30/2025,19,Tue,20:15,Arsenal,Aston Villa,4–1,Emirates Stadium,60279,Darren England,/en/matches/89b4ea51/Arsenal-Aston-Villa-December-30-2025-Premier-League
ENG-Premier League,2526,2025-12-30 Arsenal-Aston Villa,Arsenal,Jurriën Timber,12,NED,RB,24-196,82,0,1,0,0,3,0,0,0,0,1,0,1,1,0,0,0,0,89b4ea51,12/30/2025,19,Tue,20:15,Arsenal,Aston Villa,4–1,Emirates Stadium,60279,Darren England,/en/matches/89b4ea51/Arsenal-Aston-Villa-December-30-2025-Premier-League
ENG-Premier League,2526,2025-12-30 Arsenal-Aston Villa,Arsenal,Leandro Trossard,19,BEL,FW,31-026,90,1,1,0,0,4,2,0,0,3,0,0,5,2,0,0,0,0,89b4ea51,12/30/2025,19,Tue,20:15,Arsenal,Aston Villa,4–1,Emirates Stadium,60279,Darren England,/en/matches/89b4ea51/Arsenal-Aston-Villa-December-30-2025-Premier-League
ENG-Premier League,2526,2025-12-30 Arsenal-Aston Villa,Arsenal,Martin Ødegaard,8,NOR,CM,27-013,90,0,1,0,0,5,2,0,0,3,1,0,2,0,2,0,0,0,89b4ea51,12/30/2025,19,Tue,20:15,Arsenal,Aston Villa,4–1,Emirates Stadium,60279,Darren England,/en/matches/89b4ea51/Arsenal-Aston-Villa-December-30-2025-Premier-League
ENG-Premier League,2526,2025-12-30 Arsenal-Aston Villa,Arsenal,Martín Zubimendi,36,ESP,CM,26-331,90,1,0,0,0,3,1,0,0,3,1,0,0,0,2,0,0,0,89b4ea51,12/30/2025,19,Tue,20:15,Arsenal,Aston Villa,4–1,Emirates Stadium,60279,Darren England,/en/matches/89b4ea51/Arsenal-Aston-Villa-December-30-2025-Premier-League
ENG-Premier League,2526,2025-12-30 Arsenal-Aston Villa,Arsenal,Mikel Merino,23,ESP,CM,29-191,72,0,0,0,0,0,0,1,0,3,0,1,0,1,2,0,0,0,89b4ea51,12/30/2025,19,Tue,20:15,Arsenal,Aston Villa,4–1,Emirates Stadium,60279,Darren England,/en/matches/89b4ea51/Arsenal-Aston-Villa-December-30-2025-Premier-League
ENG-Premier League,2526,2025-12-30 Arsenal-Aston Villa,Arsenal,Myles Lewis-Skelly,49,ENG,DF,19-095,14,0,0,0,0,0,0,0,0,0,0,0,0,0,0,0,0,0,89b4ea51,12/30/2025,19,Tue,20:15,Arsenal,Aston Villa,4–1,Emirates Stadium,60279,Darren England,/en/matches/89b4ea51/Arsenal-Aston-Villa-December-30-2025-Premier-League
ENG-Premier League,2526,2025-12-30 Arsenal-Aston Villa,Arsenal,Noni Madueke,20,ENG,"FW,MF",23-295,8,0,0,0,0,0,0,0,0,0,0,0,1,0,0,0,0,0,89b4ea51,12/30/2025,19,Tue,20:15,Arsenal,Aston Villa,4–1,Emirates Stadium,60279,Darren England,/en/matches/89b4ea51/Arsenal-Aston-Villa-December-30-2025-Premier-League
ENG-Premier League,2526,2025-12-30 Arsenal-Aston Villa,Arsenal,Piero Hincapié,5,ECU,LB,23-355,90,0,0,0,0,0,0,0,0,1,1,0,2,1,0,0,0,0,89b4ea51,12/30/2025,19,Tue,20:15,Arsenal,Aston Villa,4–1,Emirates Stadium,60279,Darren England,/en/matches/89b4ea51/Arsenal-Aston-Villa-December-30-2025-Premier-League
ENG-Premier League,2526,2025-12-30 Arsenal-Aston Villa,Arsenal,Viktor Gyökeres,14,SWE,FW,27-209,76,0,0,0,0,3,0,0,0,2,1,0,0,0,0,0,0,0,89b4ea51,12/30/2025,19,Tue,20:15,Arsenal,Aston Villa,4–1,Emirates Stadium,60279,Darren England,/en/matches/89b4ea51/Arsenal-Aston-Villa-December-30-2025-Premier-League
ENG-Premier League,2526,2025-12-30 Arsenal-Aston Villa,Arsenal,William Saliba,2,FRA,CB,24-281,90,0,0,0,0,0,0,0,0,0,1,0,0,1,1,0,0,0,89b4ea51,12/30/2025,19,Tue,20:15,Arsenal,Aston Villa,4–1,Emirates Stadium,60279,Darren England,/en/matches/89b4ea51/Arsenal-Aston-Villa-December-30-2025-Premier-League
ENG-Premier League,2526,2026-01-03 Bournemouth-Arsenal,Arsenal,Bukayo Saka,7,ENG,"FW,MF",24-120,24,0,1,0,0,1,0,0,0,0,0,0,2,1,0,0,0,0,db124c87,1/3/2026,20,Sat,17:30,Bournemouth,Arsenal,2–3,Vitality Stadium,11240,Chris Kavanagh,/en/matches/db124c87/Bournemouth-Arsenal-January-3-2026-Premier-League
ENG-Premier League,2526,2026-01-03 Bournemouth-Arsenal,Arsenal,David Raya,1,ESP,GK,30-110,90,0,0,0,0,0,0,0,0,0,1,0,0,0,0,0,0,0,db124c87,1/3/2026,20,Sat,17:30,Bournemouth,Arsenal,2–3,Vitality Stadium,11240,Chris Kavanagh,/en/matches/db124c87/Bournemouth-Arsenal-January-3-2026-Premier-League
ENG-Premier League,2526,2026-01-03 Bournemouth-Arsenal,Arsenal,Declan Rice,41,ENG,CM,26-354,90,2,0,0,0,2,2,0,0,1,0,0,5,2,0,0,0,0,db124c87,1/3/2026,20,Sat,17:30,Bournemouth,Arsenal,2–3,Vitality Stadium,11240,Chris Kavanagh,/en/matches/db124c87/Bournemouth-Arsenal-January-3-2026-Premier-League
ENG-Premier League,2526,2026-01-03 Bournemouth-Arsenal,Arsenal,Gabriel Jesus,9,BRA,"FW,MF",28-275,25,0,0,0,0,1,1,0,0,0,0,0,0,0,1,0,0,0,db124c87,1/3/2026,20,Sat,17:30,Bournemouth,Arsenal,2–3,Vitality Stadium,11240,Chris Kavanagh,/en/matches/db124c87/Bournemouth-Arsenal-January-3-2026-Premier-League
ENG-Premier League,2526,2026-01-03 Bournemouth-Arsenal,Arsenal,Gabriel Magalhães,6,BRA,CB,28-015,90,1,0,0,0,1,1,0,0,3,1,0,1,0,0,0,0,0,db124c87,1/3/2026,20,Sat,17:30,Bournemouth,Arsenal,2–3,Vitality Stadium,11240,Chris Kavanagh,/en/matches/db124c87/Bournemouth-Arsenal-January-3-2026-Premier-League
ENG-Premier League,2526,2026-01-03 Bournemouth-Arsenal,Arsenal,Gabriel Martinelli,11,BRA,FW,24-199,66,0,0,0,0,1,0,0,0,0,1,1,3,1,0,0,0,0,db124c87,1/3/2026,20,Sat,17:30,Bournemouth,Arsenal,2–3,Vitality Stadium,11240,Chris Kavanagh,/en/matches/db124c87/Bournemouth-Arsenal-January-3-2026-Premier-League
ENG-Premier League,2526,2026-01-03 Bournemouth-Arsenal,Arsenal,Jurriën Timber,12,NED,RB,24-200,90,0,0,0,0,0,0,0,0,2,1,0,0,1,3,0,0,0,db124c87,1/3/2026,20,Sat,17:30,Bournemouth,Arsenal,2–3,Vitality Stadium,11240,Chris Kavanagh,/en/matches/db124c87/Bournemouth-Arsenal-January-3-2026-Premier-League
ENG-Premier League,2526,2026-01-03 Bournemouth-Arsenal,Arsenal,Leandro Trossard,19,BEL,"FW,MF",31-030,24,0,0,0,0,1,0,0,0,0,2,0,0,0,0,0,0,0,db124c87,1/3/2026,20,Sat,17:30,Bournemouth,Arsenal,2–3,Vitality Stadium,11240,Chris Kavanagh,/en/matches/db124c87/Bournemouth-Arsenal-January-3-2026-Premier-League
ENG-Premier League,2526,2026-01-03 Bournemouth-Arsenal,Arsenal,Martin Ødegaard,8,NOR,CM,27-017,79,0,1,0,0,1,0,0,0,0,0,0,2,2,0,0,0,0,db124c87,1/3/2026,20,Sat,17:30,Bournemouth,Arsenal,2–3,Vitality Stadium,11240,Chris Kavanagh,/en/matches/db124c87/Bournemouth-Arsenal-January-3-2026-Premier-League
ENG-Premier League,2526,2026-01-03 Bournemouth-Arsenal,Arsenal,Martín Zubimendi,36,ESP,CM,26-335,90,0,0,0,0,0,0,1,0,0,0,0,1,2,0,0,0,0,db124c87,1/3/2026,20,Sat,17:30,Bournemouth,Arsenal,2–3,Vitality Stadium,11240,Chris Kavanagh,/en/matches/db124c87/Bournemouth-Arsenal-January-3-2026-Premier-League
ENG-Premier League,2526,2026-01-03 Bournemouth-Arsenal,Arsenal,Mikel Merino,23,ESP,MF,29-195,11,0,0,0,0,2,1,0,0,0,1,0,0,0,0,0,0,0,db124c87,1/3/2026,20,Sat,17:30,Bournemouth,Arsenal,2–3,Vitality Stadium,11240,Chris Kavanagh,/en/matches/db124c87/Bournemouth-Arsenal-January-3-2026-Premier-League
ENG-Premier League,2526,2026-01-03 Bournemouth-Arsenal,Arsenal,Noni Madueke,20,ENG,FW,23-299,66,0,0,0,0,1,0,0,0,0,0,0,5,0,1,0,0,0,db124c87,1/3/2026,20,Sat,17:30,Bournemouth,Arsenal,2–3,Vitality Stadium,11240,Chris Kavanagh,/en/matches/db124c87/Bournemouth-Arsenal-January-3-2026-Premier-League
ENG-Premier League,2526,2026-01-03 Bournemouth-Arsenal,Arsenal,Piero Hincapié,5,ECU,LB,23-359,90,0,0,0,0,0,0,0,0,0,3,0,1,1,1,0,0,0,db124c87,1/3/2026,20,Sat,17:30,Bournemouth,Arsenal,2–3,Vitality Stadium,11240,Chris Kavanagh,/en/matches/db124c87/Bournemouth-Arsenal-January-3-2026-Premier-League
ENG-Premier League,2526,2026-01-03 Bournemouth-Arsenal,Arsenal,Viktor Gyökeres,14,SWE,FW,27-213,65,0,0,0,0,1,0,0,0,1,1,0,0,0,0,0,0,0,db124c87,1/3/2026,20,Sat,17:30,Bournemouth,Arsenal,2–3,Vitality Stadium,11240,Chris Kavanagh,/en/matches/db124c87/Bournemouth-Arsenal-January-3-2026-Premier-League
ENG-Premier League,2526,2026-01-03 Bournemouth-Arsenal,Arsenal,William Saliba,2,FRA,CB,24-285,90,0,0,0,0,0,0,0,0,1,1,0,0,0,0,0,0,0,db124c87,1/3/2026,20,Sat,17:30,Bournemouth,Arsenal,2–3,Vitality Stadium,11240,Chris Kavanagh,/en/matches/db124c87/Bournemouth-Arsenal-January-3-2026-Premier-League
ENG-Premier League,2526,2026-01-08 Arsenal-Liverpool,Arsenal,Bukayo Saka,7,ENG,FW,24-125,77,0,0,0,0,2,1,0,0,0,1,1,3,0,0,0,0,0,2b794de5,1/8/2026,21,Thu,20:00,Arsenal,Liverpool,0–0,Emirates Stadium,60258,Anthony Taylor,/en/matches/2b794de5/Arsenal-Liverpool-January-8-2026-Premier-League
ENG-Premier League,2526,2026-01-08 Arsenal-Liverpool,Arsenal,David Raya,1,ESP,GK,30-115,90,0,0,0,0,0,0,0,0,0,0,0,0,0,0,0,0,0,2b794de5,1/8/2026,21,Thu,20:00,Arsenal,Liverpool,0–0,Emirates Stadium,60258,Anthony Taylor,/en/matches/2b794de5/Arsenal-Liverpool-January-8-2026-Premier-League
ENG-Premier League,2526,2026-01-08 Arsenal-Liverpool,Arsenal,Declan Rice,41,ENG,CM,26-359,90,0,0,0,0,1,1,0,0,1,0,0,2,1,1,0,0,0,2b794de5,1/8/2026,21,Thu,20:00,Arsenal,Liverpool,0–0,Emirates Stadium,60258,Anthony Taylor,/en/matches/2b794de5/Arsenal-Liverpool-January-8-2026-Premier-League
ENG-Premier League,2526,2026-01-08 Arsenal-Liverpool,Arsenal,Eberechi Eze,10,ENG,"FW,MF",27-193,13,0,0,0,0,0,0,0,0,0,1,0,0,0,0,0,0,0,2b794de5,1/8/2026,21,Thu,20:00,Arsenal,Liverpool,0–0,Emirates Stadium,60258,Anthony Taylor,/en/matches/2b794de5/Arsenal-Liverpool-January-8-2026-Premier-League
ENG-Premier League,2526,2026-01-08 Arsenal-Liverpool,Arsenal,Gabriel Jesus,9,BRA,"FW,MF",28-280,27,0,0,0,0,1,1,0,0,2,0,0,0,0,0,0,0,0,2b794de5,1/8/2026,21,Thu,20:00,Arsenal,Liverpool,0–0,Emirates Stadium,60258,Anthony Taylor,/en/matches/2b794de5/Arsenal-Liverpool-January-8-2026-Premier-League
ENG-Premier League,2526,2026-01-08 Arsenal-Liverpool,Arsenal,Gabriel Magalhães,6,BRA,CB,28-020,90,0,0,0,0,2,0,0,0,0,1,0,0,0,1,0,0,0,2b794de5,1/8/2026,21,Thu,20:00,Arsenal,Liverpool,0–0,Emirates Stadium,60258,Anthony Taylor,/en/matches/2b794de5/Arsenal-Liverpool-January-8-2026-Premier-League
ENG-Premier League,2526,2026-01-08 Arsenal-Liverpool,Arsenal,Gabriel Martinelli,11,BRA,"FW,MF",24-204,27,0,0,0,0,1,1,1,0,0,0,1,2,0,0,0,0,0,2b794de5,1/8/2026,21,Thu,20:00,Arsenal,Liverpool,0–0,Emirates Stadium,60258,Anthony Taylor,/en/matches/2b794de5/Arsenal-Liverpool-January-8-2026-Premier-League
ENG-Premier League,2526,2026-01-08 Arsenal-Liverpool,Arsenal,Jurriën Timber,12,NED,RB,24-205,90,0,0,0,0,0,0,0,0,4,2,0,2,0,1,0,0,0,2b794de5,1/8/2026,21,Thu,20:00,Arsenal,Liverpool,0–0,Emirates Stadium,60258,Anthony Taylor,/en/matches/2b794de5/Arsenal-Liverpool-January-8-2026-Premier-League
ENG-Premier League,2526,2026-01-08 Arsenal-Liverpool,Arsenal,Leandro Trossard,19,BEL,FW,31-035,63,0,0,0,0,2,0,1,0,1,2,0,1,1,0,0,0,0,2b794de5,1/8/2026,21,Thu,20:00,Arsenal,Liverpool,0–0,Emirates Stadium,60258,Anthony Taylor,/en/matches/2b794de5/Arsenal-Liverpool-January-8-2026-Premier-League
ENG-Premier League,2526,2026-01-08 Arsenal-Liverpool,Arsenal,Martin Ødegaard,8,NOR,CM,27-022,77,0,0,0,0,0,0,0,0,0,0,0,2,0,1,0,0,0,2b794de5,1/8/2026,21,Thu,20:00,Arsenal,Liverpool,0–0,Emirates Stadium,60258,Anthony Taylor,/en/matches/2b794de5/Arsenal-Liverpool-January-8-2026-Premier-League
ENG-Premier League,2526,2026-01-08 Arsenal-Liverpool,Arsenal,Martín Zubimendi,36,ESP,CM,26-340,90,0,0,0,0,0,0,0,0,1,0,0,0,3,1,0,0,0,2b794de5,1/8/2026,21,Thu,20:00,Arsenal,Liverpool,0–0,Emirates Stadium,60258,Anthony Taylor,/en/matches/2b794de5/Arsenal-Liverpool-January-8-2026-Premier-League
ENG-Premier League,2526,2026-01-08 Arsenal-Liverpool,Arsenal,Myles Lewis-Skelly,49,ENG,DF,19-104,34,0,0,0,0,0,0,0,0,1,1,0,0,0,0,0,0,0,2b794de5,1/8/2026,21,Thu,20:00,Arsenal,Liverpool,0–0,Emirates Stadium,60258,Anthony Taylor,/en/matches/2b794de5/Arsenal-Liverpool-January-8-2026-Premier-League
ENG-Premier League,2526,2026-01-08 Arsenal-Liverpool,Arsenal,Noni Madueke,20,ENG,"FW,MF",23-304,13,0,0,0,0,0,0,0,0,0,0,0,1,0,0,0,0,0,2b794de5,1/8/2026,21,Thu,20:00,Arsenal,Liverpool,0–0,Emirates Stadium,60258,Anthony Taylor,/en/matches/2b794de5/Arsenal-Liverpool-January-8-2026-Premier-League
ENG-Premier League,2526,2026-01-08 Arsenal-Liverpool,Arsenal,Piero Hincapié,5,ECU,LB,23-364,56,0,0,0,0,0,0,0,0,0,0,0,0,1,2,0,0,0,2b794de5,1/8/2026,21,Thu,20:00,Arsenal,Liverpool,0–0,Emirates Stadium,60258,Anthony Taylor,/en/matches/2b794de5/Arsenal-Liverpool-January-8-2026-Premier-League
ENG-Premier League,2526,2026-01-08 Arsenal-Liverpool,Arsenal,Viktor Gyökeres,14,SWE,FW,27-218,63,0,0,0,0,0,0,0,0,0,0,0,0,0,0,0,0,0,2b794de5,1/8/2026,21,Thu,20:00,Arsenal,Liverpool,0–0,Emirates Stadium,60258,Anthony Taylor,/en/matches/2b794de5/Arsenal-Liverpool-January-8-2026-Premier-League
ENG-Premier League,2526,2026-01-08 Arsenal-Liverpool,Arsenal,William Saliba,2,FRA,CB,24-290,90,0,0,0,0,0,0,0,0,0,0,0,2,0,0,0,0,0,2b794de5,1/8/2026,21,Thu,20:00,Arsenal,Liverpool,0–0,Emirates Stadium,60258,Anthony Taylor,/en/matches/2b794de5/Arsenal-Liverpool-January-8-2026-Premier-League
ENG-Premier League,2526,2026-01-17 Nottingham Forest-Arsenal,Arsenal,Ben White,4,ENG,RB,28-101,90,0,0,0,0,1,0,0,0,2,1,0,2,0,1,0,0,0,345215db,1/17/2026,22,Sat,17:30,Nottingham Forest,Arsenal,0–0,The City Ground,30729,Michael Oliver,/en/matches/345215db/Nottingham-Forest-Arsenal-January-17-2026-Premier-League
ENG-Premier League,2526,2026-01-17 Nottingham Forest-Arsenal,Arsenal,Bukayo Saka,7,ENG,"FW,MF",24-134,34,0,0,0,0,1,1,0,0,0,2,0,6,1,0,0,0,0,345215db,1/17/2026,22,Sat,17:30,Nottingham Forest,Arsenal,0–0,The City Ground,30729,Michael Oliver,/en/matches/345215db/Nottingham-Forest-Arsenal-January-17-2026-Premier-League
ENG-Premier League,2526,2026-01-17 Nottingham Forest-Arsenal,Arsenal,David Raya,1,ESP,GK,30-124,90,0,0,0,0,0,0,0,0,0,0,0,0,1,0,0,0,0,345215db,1/17/2026,22,Sat,17:30,Nottingham Forest,Arsenal,0–0,The City Ground,30729,Michael Oliver,/en/matches/345215db/Nottingham-Forest-Arsenal-January-17-2026-Premier-League
ENG-Premier League,2526,2026-01-17 Nottingham Forest-Arsenal,Arsenal,Declan Rice,41,ENG,CM,27-003,90,0,0,0,0,1,1,0,0,2,0,0,6,0,1,0,0,0,345215db,1/17/2026,22,Sat,17:30,Nottingham Forest,Arsenal,0–0,The City Ground,30729,Michael Oliver,/en/matches/345215db/Nottingham-Forest-Arsenal-January-17-2026-Premier-League
ENG-Premier League,2526,2026-01-17 Nottingham Forest-Arsenal,Arsenal,Eberechi Eze,10,ENG,"FW,MF",27-202,12,0,0,0,0,0,0,0,0,0,0,0,0,1,0,0,0,0,345215db,1/17/2026,22,Sat,17:30,Nottingham Forest,Arsenal,0–0,The City Ground,30729,Michael Oliver,/en/matches/345215db/Nottingham-Forest-Arsenal-January-17-2026-Premier-League
ENG-Premier League,2526,2026-01-17 Nottingham Forest-Arsenal,Arsenal,Gabriel Jesus,9,BRA,"FW,MF",28-289,34,0,0,0,0,1,1,0,0,0,0,0,0,0,0,0,0,0,345215db,1/17/2026,22,Sat,17:30,Nottingham Forest,Arsenal,0–0,The City Ground,30729,Michael Oliver,/en/matches/345215db/Nottingham-Forest-Arsenal-January-17-2026-Premier-League
ENG-Premier League,2526,2026-01-17 Nottingham Forest-Arsenal,Arsenal,Gabriel Magalhães,6,BRA,CB,28-029,90,0,0,0,0,1,0,0,0,1,0,0,0,1,0,0,0,0,345215db,1/17/2026,22,Sat,17:30,Nottingham Forest,Arsenal,0–0,The City Ground,30729,Michael Oliver,/en/matches/345215db/Nottingham-Forest-Arsenal-January-17-2026-Premier-League
ENG-Premier League,2526,2026-01-17 Nottingham Forest-Arsenal,Arsenal,Gabriel Martinelli,11,BRA,FW,24-213,45,0,0,0,0,4,0,0,0,0,0,0,2,0,0,0,0,0,345215db,1/17/2026,22,Sat,17:30,Nottingham Forest,Arsenal,0–0,The City Ground,30729,Michael Oliver,/en/matches/345215db/Nottingham-Forest-Arsenal-January-17-2026-Premier-League
ENG-Premier League,2526,2026-01-17 Nottingham Forest-Arsenal,Arsenal,Jurriën Timber,12,NED,LB,24-214,90,0,0,0,0,1,0,1,0,2,0,0,1,0,0,0,0,0,345215db,1/17/2026,22,Sat,17:30,Nottingham Forest,Arsenal,0–0,The City Ground,30729,Michael Oliver,/en/matches/345215db/Nottingham-Forest-Arsenal-January-17-2026-Premier-League
ENG-Premier League,2526,2026-01-17 Nottingham Forest-Arsenal,Arsenal,Leandro Trossard,19,BEL,"FW,MF",31-044,45,0,0,0,0,0,0,0,0,0,1,0,1,0,0,0,0,0,345215db,1/17/2026,22,Sat,17:30,Nottingham Forest,Arsenal,0–0,The City Ground,30729,Michael Oliver,/en/matches/345215db/Nottingham-Forest-Arsenal-January-17-2026-Premier-League
ENG-Premier League,2526,2026-01-17 Nottingham Forest-Arsenal,Arsenal,Martin Ødegaard,8,NOR,CM,27-031,56,0,0,0,0,0,0,0,0,0,1,0,0,0,0,0,0,0,345215db,1/17/2026,22,Sat,17:30,Nottingham Forest,Arsenal,0–0,The City Ground,30729,Michael Oliver,/en/matches/345215db/Nottingham-Forest-Arsenal-January-17-2026-Premier-League
ENG-Premier League,2526,2026-01-17 Nottingham Forest-Arsenal,Arsenal,Martín Zubimendi,36,ESP,CM,26-349,78,0,0,0,0,0,0,0,0,1,0,0,0,1,1,0,0,0,345215db,1/17/2026,22,Sat,17:30,Nottingham Forest,Arsenal,0–0,The City Ground,30729,Michael Oliver,/en/matches/345215db/Nottingham-Forest-Arsenal-January-17-2026-Premier-League
ENG-Premier League,2526,2026-01-17 Nottingham Forest-Arsenal,Arsenal,Mikel Merino,23,ESP,MF,29-209,34,0,0,0,0,1,0,0,0,1,2,0,0,0,0,0,0,0,345215db,1/17/2026,22,Sat,17:30,Nottingham Forest,Arsenal,0–0,The City Ground,30729,Michael Oliver,/en/matches/345215db/Nottingham-Forest-Arsenal-January-17-2026-Premier-League
ENG-Premier League,2526,2026-01-17 Nottingham Forest-Arsenal,Arsenal,Noni Madueke,20,ENG,FW,23-313,56,0,0,0,0,2,0,0,0,1,0,0,5,1,0,0,0,0,345215db,1/17/2026,22,Sat,17:30,Nottingham Forest,Arsenal,0–0,The City Ground,30729,Michael Oliver,/en/matches/345215db/Nottingham-Forest-Arsenal-January-17-2026-Premier-League
ENG-Premier League,2526,2026-01-17 Nottingham Forest-Arsenal,Arsenal,Viktor Gyökeres,14,SWE,FW,27-227,56,0,0,0,0,1,0,0,0,1,0,0,0,0,0,0,0,0,345215db,1/17/2026,22,Sat,17:30,Nottingham Forest,Arsenal,0–0,The City Ground,30729,Michael Oliver,/en/matches/345215db/Nottingham-Forest-Arsenal-January-17-2026-Premier-League
ENG-Premier League,2526,2026-01-17 Nottingham Forest-Arsenal,Arsenal,William Saliba,2,FRA,CB,24-299,90,0,0,0,0,1,0,0,0,3,1,0,2,1,1,0,0,0,345215db,1/17/2026,22,Sat,17:30,Nottingham Forest,Arsenal,0–0,The City Ground,30729,Michael Oliver,/en/matches/345215db/Nottingham-Forest-Arsenal-January-17-2026-Premier-League
ENG-Premier League,2526,2026-01-25 Arsenal-Manchester Utd,Arsenal,Ben White,4,ENG,DF,28-109,33,0,0,0,0,0,0,0,0,0,1,0,2,0,1,0,0,0,776b0a40,1/25/2026,23,Sun,16:30,Arsenal,Manchester Utd,2–3,Emirates Stadium,60296,Craig Pawson,/en/matches/776b0a40/Arsenal-Manchester-United-January-25-2026-Premier-League
ENG-Premier League,2526,2026-01-25 Arsenal-Manchester Utd,Arsenal,Bukayo Saka,7,ENG,FW,24-142,90,0,0,0,0,3,1,0,0,0,4,1,12,0,2,0,0,0,776b0a40,1/25/2026,23,Sun,16:30,Arsenal,Manchester Utd,2–3,Emirates Stadium,60296,Craig Pawson,/en/matches/776b0a40/Arsenal-Manchester-United-January-25-2026-Premier-League
ENG-Premier League,2526,2026-01-25 Arsenal-Manchester Utd,Arsenal,David Raya,1,ESP,GK,30-132,90,0,0,0,0,0,0,0,0,0,0,0,0,0,0,0,0,0,776b0a40,1/25/2026,23,Sun,16:30,Arsenal,Manchester Utd,2–3,Emirates Stadium,60296,Craig Pawson,/en/matches/776b0a40/Arsenal-Manchester-United-January-25-2026-Premier-League
ENG-Premier League,2526,2026-01-25 Arsenal-Manchester Utd,Arsenal,Declan Rice,41,ENG,CM,27-011,90,0,0,0,0,3,0,1,0,1,1,0,4,2,1,0,0,0,776b0a40,1/25/2026,23,Sun,16:30,Arsenal,Manchester Utd,2–3,Emirates Stadium,60296,Craig Pawson,/en/matches/776b0a40/Arsenal-Manchester-United-January-25-2026-Premier-League
ENG-Premier League,2526,2026-01-25 Arsenal-Manchester Utd,Arsenal,Eberechi Eze,10,ENG,"FW,MF",27-210,33,0,0,0,0,0,0,1,0,1,0,0,0,0,1,0,0,0,776b0a40,1/25/2026,23,Sun,16:30,Arsenal,Manchester Utd,2–3,Emirates Stadium,60296,Craig Pawson,/en/matches/776b0a40/Arsenal-Manchester-United-January-25-2026-Premier-League
ENG-Premier League,2526,2026-01-25 Arsenal-Manchester Utd,Arsenal,Gabriel Jesus,9,BRA,FW,28-297,57,0,0,0,0,1,0,0,0,2,0,2,0,0,0,0,0,0,776b0a40,1/25/2026,23,Sun,16:30,Arsenal,Manchester Utd,2–3,Emirates Stadium,60296,Craig Pawson,/en/matches/776b0a40/Arsenal-Manchester-United-January-25-2026-Premier-League
ENG-Premier League,2526,2026-01-25 Arsenal-Manchester Utd,Arsenal,Gabriel Magalhães,6,BRA,CB,28-037,90,0,0,0,0,0,0,0,0,1,0,0,0,1,0,0,0,0,776b0a40,1/25/2026,23,Sun,16:30,Arsenal,Manchester Utd,2–3,Emirates Stadium,60296,Craig Pawson,/en/matches/776b0a40/Arsenal-Manchester-United-January-25-2026-Premier-League
ENG-Premier League,2526,2026-01-25 Arsenal-Manchester Utd,Arsenal,Jurriën Timber,12,NED,RB,24-222,90,0,0,0,0,0,0,0,0,2,0,0,0,1,0,0,0,0,776b0a40,1/25/2026,23,Sun,16:30,Arsenal,Manchester Utd,2–3,Emirates Stadium,60296,Craig Pawson,/en/matches/776b0a40/Arsenal-Manchester-United-January-25-2026-Premier-League
ENG-Premier League,2526,2026-01-25 Arsenal-Manchester Utd,Arsenal,Leandro Trossard,19,BEL,FW,31-052,74,0,0,0,0,1,0,0,0,1,2,0,4,0,1,0,0,0,776b0a40,1/25/2026,23,Sun,16:30,Arsenal,Manchester Utd,2–3,Emirates Stadium,60296,Craig Pawson,/en/matches/776b0a40/Arsenal-Manchester-United-January-25-2026-Premier-League
ENG-Premier League,2526,2026-01-25 Arsenal-Manchester Utd,Arsenal,Martin Ødegaard,8,NOR,CM,27-039,57,0,0,0,0,1,0,0,0,1,0,0,0,1,0,0,0,0,776b0a40,1/25/2026,23,Sun,16:30,Arsenal,Manchester Utd,2–3,Emirates Stadium,60296,Craig Pawson,/en/matches/776b0a40/Arsenal-Manchester-United-January-25-2026-Premier-League
ENG-Premier League,2526,2026-01-25 Arsenal-Manchester Utd,Arsenal,Martín Zubimendi,36,ESP,CM,26-357,57,0,0,0,0,2,1,0,0,0,0,0,0,0,2,0,0,0,776b0a40,1/25/2026,23,Sun,16:30,Arsenal,Manchester Utd,2–3,Emirates Stadium,60296,Craig Pawson,/en/matches/776b0a40/Arsenal-Manchester-United-January-25-2026-Premier-League
ENG-Premier League,2526,2026-01-25 Arsenal-Manchester Utd,Arsenal,Mikel Merino,23,ESP,MF,29-217,33,1,0,0,0,3,2,0,0,1,0,0,0,1,3,0,0,0,776b0a40,1/25/2026,23,Sun,16:30,Arsenal,Manchester Utd,2–3,Emirates Stadium,60296,Craig Pawson,/en/matches/776b0a40/Arsenal-Manchester-United-January-25-2026-Premier-League
ENG-Premier League,2526,2026-01-25 Arsenal-Manchester Utd,Arsenal,Noni Madueke,20,ENG,"FW,MF",23-321,16,0,0,0,0,0,0,0,0,0,0,0,0,0,0,0,0,0,776b0a40,1/25/2026,23,Sun,16:30,Arsenal,Manchester Utd,2–3,Emirates Stadium,60296,Craig Pawson,/en/matches/776b0a40/Arsenal-Manchester-United-January-25-2026-Premier-League
ENG-Premier League,2526,2026-01-25 Arsenal-Manchester Utd,Arsenal,Piero Hincapié,5,ECU,LB,24-016,57,0,0,0,0,0,0,0,0,0,0,0,2,1,0,0,0,0,776b0a40,1/25/2026,23,Sun,16:30,Arsenal,Manchester Utd,2–3,Emirates Stadium,60296,Craig Pawson,/en/matches/776b0a40/Arsenal-Manchester-United-January-25-2026-Premier-League
ENG-Premier League,2526,2026-01-25 Arsenal-Manchester Utd,Arsenal,Viktor Gyökeres,14,SWE,"FW,MF",27-235,33,0,0,0,0,1,0,0,0,1,1,0,1,0,0,0,0,0,776b0a40,1/25/2026,23,Sun,16:30,Arsenal,Manchester Utd,2–3,Emirates Stadium,60296,Craig Pawson,/en/matches/776b0a40/Arsenal-Manchester-United-January-25-2026-Premier-League
ENG-Premier League,2526,2026-01-25 Arsenal-Manchester Utd,Arsenal,William Saliba,2,FRA,CB,24-307,90,0,0,0,0,0,0,0,0,0,0,0,0,0,0,0,0,0,776b0a40,1/25/2026,23,Sun,16:30,Arsenal,Manchester Utd,2–3,Emirates Stadium,60296,Craig Pawson,/en/matches/776b0a40/Arsenal-Manchester-United-January-25-2026-Premier-League
ENG-Premier League,2526,2026-01-31 Leeds United-Arsenal,Arsenal,David Raya,1,ESP,GK,30-138,90,0,0,0,0,0,0,0,0,0,0,0,0,0,0,0,0,0,0b316a86,1/31/2026,24,Sat,15:00,Leeds United,Arsenal,0–4,Elland Road,36858,Stuart Attwell,/en/matches/0b316a86/Leeds-United-Arsenal-January-31-2026-Premier-League
ENG-Premier League,2526,2026-01-31 Leeds United-Arsenal,Arsenal,Declan Rice,41,ENG,DM,27-017,90,0,0,0,0,0,0,0,0,0,0,0,3,1,0,0,0,0,0b316a86,1/31/2026,24,Sat,15:00,Leeds United,Arsenal,0–4,Elland Road,36858,Stuart Attwell,/en/matches/0b316a86/Leeds-United-Arsenal-January-31-2026-Premier-League
ENG-Premier League,2526,2026-01-31 Leeds United-Arsenal,Arsenal,Eberechi Eze,10,ENG,"FW,MF",27-216,10,0,0,0,0,0,0,0,0,0,0,0,0,0,0,0,0,0,0b316a86,1/31/2026,24,Sat,15:00,Leeds United,Arsenal,0–4,Elland Road,36858,Stuart Attwell,/en/matches/0b316a86/Leeds-United-Arsenal-January-31-2026-Premier-League
ENG-Premier League,2526,2026-01-31 Leeds United-Arsenal,Arsenal,Gabriel Jesus,9,BRA,"FW,MF",28-303,15,1,0,0,0,4,3,0,0,0,0,0,0,0,0,0,0,0,0b316a86,1/31/2026,24,Sat,15:00,Leeds United,Arsenal,0–4,Elland Road,36858,Stuart Attwell,/en/matches/0b316a86/Leeds-United-Arsenal-January-31-2026-Premier-League
ENG-Premier League,2526,2026-01-31 Leeds United-Arsenal,Arsenal,Gabriel Magalhães,6,BRA,CB,28-043,90,0,0,0,0,1,1,0,0,0,2,0,1,0,0,0,0,0,0b316a86,1/31/2026,24,Sat,15:00,Leeds United,Arsenal,0–4,Elland Road,36858,Stuart Attwell,/en/matches/0b316a86/Leeds-United-Arsenal-January-31-2026-Premier-League
ENG-Premier League,2526,2026-01-31 Leeds United-Arsenal,Arsenal,Gabriel Martinelli,11,BRA,"FW,MF",24-227,30,0,1,0,0,1,1,0,0,1,1,0,2,0,0,0,0,0,0b316a86,1/31/2026,24,Sat,15:00,Leeds United,Arsenal,0–4,Elland Road,36858,Stuart Attwell,/en/matches/0b316a86/Leeds-United-Arsenal-January-31-2026-Premier-League
ENG-Premier League,2526,2026-01-31 Leeds United-Arsenal,Arsenal,Jurriën Timber,12,NED,RB,24-228,90,0,0,0,0,1,0,1,0,2,1,0,6,1,0,0,0,0,0b316a86,1/31/2026,24,Sat,15:00,Leeds United,Arsenal,0–4,Elland Road,36858,Stuart Attwell,/en/matches/0b316a86/Leeds-United-Arsenal-January-31-2026-Premier-League
ENG-Premier League,2526,2026-01-31 Leeds United-Arsenal,Arsenal,Kai Havertz,29,GER,AM,26-234,60,0,0,0,0,0,0,0,0,1,1,0,0,1,0,0,0,0,0b316a86,1/31/2026,24,Sat,15:00,Leeds United,Arsenal,0–4,Elland Road,36858,Stuart Attwell,/en/matches/0b316a86/Leeds-United-Arsenal-January-31-2026-Premier-League
ENG-Premier League,2526,2026-01-31 Leeds United-Arsenal,Arsenal,Leandro Trossard,19,BEL,AM,31-058,80,0,0,0,0,1,0,0,0,0,2,0,2,0,2,0,0,0,0b316a86,1/31/2026,24,Sat,15:00,Leeds United,Arsenal,0–4,Elland Road,36858,Stuart Attwell,/en/matches/0b316a86/Leeds-United-Arsenal-January-31-2026-Premier-League
ENG-Premier League,2526,2026-01-31 Leeds United-Arsenal,Arsenal,Martin Ødegaard,8,NOR,"FW,MF",27-045,30,0,1,0,0,0,0,0,0,0,1,0,3,0,0,0,0,0,0b316a86,1/31/2026,24,Sat,15:00,Leeds United,Arsenal,0–4,Elland Road,36858,Stuart Attwell,/en/matches/0b316a86/Leeds-United-Arsenal-January-31-2026-Premier-League
ENG-Premier League,2526,2026-01-31 Leeds United-Arsenal,Arsenal,Martín Zubimendi,36,ESP,DM,26-363,90,1,0,0,0,3,2,0,0,0,0,0,1,2,0,0,0,0,0b316a86,1/31/2026,24,Sat,15:00,Leeds United,Arsenal,0–4,Elland Road,36858,Stuart Attwell,/en/matches/0b316a86/Leeds-United-Arsenal-January-31-2026-Premier-League
ENG-Premier League,2526,2026-01-31 Leeds United-Arsenal,Arsenal,Noni Madueke,20,ENG,AM,23-327,60,1,1,0,0,0,0,0,0,1,1,1,9,0,1,0,0,0,0b316a86,1/31/2026,24,Sat,15:00,Leeds United,Arsenal,0–4,Elland Road,36858,Stuart Attwell,/en/matches/0b316a86/Leeds-United-Arsenal-January-31-2026-Premier-League
ENG-Premier League,2526,2026-01-31 Leeds United-Arsenal,Arsenal,Piero Hincapié,5,ECU,LB,24-022,74,0,0,0,0,0,0,0,0,0,0,0,0,1,0,0,0,0,0b316a86,1/31/2026,24,Sat,15:00,Leeds United,Arsenal,0–4,Elland Road,36858,Stuart Attwell,/en/matches/0b316a86/Leeds-United-Arsenal-January-31-2026-Premier-League
ENG-Premier League,2526,2026-01-31 Leeds United-Arsenal,Arsenal,Riccardo Calafiori,33,ITA,DF,23-257,16,0,0,0,0,1,0,0,0,0,0,0,0,0,1,0,0,0,0b316a86,1/31/2026,24,Sat,15:00,Leeds United,Arsenal,0–4,Elland Road,36858,Stuart Attwell,/en/matches/0b316a86/Leeds-United-Arsenal-January-31-2026-Premier-League
ENG-Premier League,2526,2026-01-31 Leeds United-Arsenal,Arsenal,Viktor Gyökeres,14,SWE,FW,27-241,75,1,0,0,0,2,1,0,0,2,1,0,0,1,1,0,0,0,0b316a86,1/31/2026,24,Sat,15:00,Leeds United,Arsenal,0–4,Elland Road,36858,Stuart Attwell,/en/matches/0b316a86/Leeds-United-Arsenal-January-31-2026-Premier-League
ENG-Premier League,2526,2026-01-31 Leeds United-Arsenal,Arsenal,William Saliba,2,FRA,CB,24-313,90,0,0,0,0,0,0,0,0,0,0,0,0,0,1,0,0,0,0b316a86,1/31/2026,24,Sat,15:00,Leeds United,Arsenal,0–4,Elland Road,36858,Stuart Attwell,/en/matches/0b316a86/Leeds-United-Arsenal-January-31-2026-Premier-League
ENG-Premier League,2526,2026-02-07 Arsenal-Sunderland,Arsenal,Christian Nørgaard,16,DEN,MF,31-334,2,0,0,0,0,0,0,0,0,0,0,0,0,0,0,0,0,0,686d660a,2/7/2026,25,Sat,15:00,Arsenal,Sunderland,3–0,Emirates Stadium,60312,Samuel Barrott,/en/matches/686d660a/Arsenal-Sunderland-February-7-2026-Premier-League
ENG-Premier League,2526,2026-02-07 Arsenal-Sunderland,Arsenal,David Raya,1,ESP,GK,30-145,90,0,0,0,0,0,0,0,0,0,1,0,0,0,1,0,0,0,686d660a,2/7/2026,25,Sat,15:00,Arsenal,Sunderland,3–0,Emirates Stadium,60312,Samuel Barrott,/en/matches/686d660a/Arsenal-Sunderland-February-7-2026-Premier-League
ENG-Premier League,2526,2026-02-07 Arsenal-Sunderland,Arsenal,Declan Rice,41,ENG,CM,27-024,90,0,0,0,0,1,0,0,0,0,0,0,5,0,3,0,0,0,686d660a,2/7/2026,25,Sat,15:00,Arsenal,Sunderland,3–0,Emirates Stadium,60312,Samuel Barrott,/en/matches/686d660a/Arsenal-Sunderland-February-7-2026-Premier-League
ENG-Premier League,2526,2026-02-07 Arsenal-Sunderland,Arsenal,Eberechi Eze,10,ENG,"FW,MF",27-223,24,0,0,0,0,2,0,0,0,1,1,0,0,1,0,0,0,0,686d660a,2/7/2026,25,Sat,15:00,Arsenal,Sunderland,3–0,Emirates Stadium,60312,Samuel Barrott,/en/matches/686d660a/Arsenal-Sunderland-February-7-2026-Premier-League
ENG-Premier League,2526,2026-02-07 Arsenal-Sunderland,Arsenal,Gabriel Jesus,9,BRA,FW,28-310,59,0,0,0,0,1,1,0,0,0,0,3,0,0,0,0,0,0,686d660a,2/7/2026,25,Sat,15:00,Arsenal,Sunderland,3–0,Emirates Stadium,60312,Samuel Barrott,/en/matches/686d660a/Arsenal-Sunderland-February-7-2026-Premier-League
ENG-Premier League,2526,2026-02-07 Arsenal-Sunderland,Arsenal,Gabriel Magalhães,6,BRA,CB,28-050,90,0,0,0,0,0,0,0,0,1,0,0,0,1,0,0,0,0,686d660a,2/7/2026,25,Sat,15:00,Arsenal,Sunderland,3–0,Emirates Stadium,60312,Samuel Barrott,/en/matches/686d660a/Arsenal-Sunderland-February-7-2026-Premier-League
ENG-Premier League,2526,2026-02-07 Arsenal-Sunderland,Arsenal,Gabriel Martinelli,11,BRA,"FW,MF",24-234,31,0,1,0,0,1,1,0,0,1,0,0,0,0,0,0,0,0,686d660a,2/7/2026,25,Sat,15:00,Arsenal,Sunderland,3–0,Emirates Stadium,60312,Samuel Barrott,/en/matches/686d660a/Arsenal-Sunderland-February-7-2026-Premier-League
ENG-Premier League,2526,2026-02-07 Arsenal-Sunderland,Arsenal,Jurriën Timber,12,NED,RB,24-235,90,0,0,0,0,0,0,0,0,1,1,0,0,1,3,0,0,0,686d660a,2/7/2026,25,Sat,15:00,Arsenal,Sunderland,3–0,Emirates Stadium,60312,Samuel Barrott,/en/matches/686d660a/Arsenal-Sunderland-February-7-2026-Premier-League
ENG-Premier League,2526,2026-02-07 Arsenal-Sunderland,Arsenal,Kai Havertz,29,GER,CM,26-241,66,0,1,0,0,3,0,0,0,0,0,0,0,1,0,0,0,0,686d660a,2/7/2026,25,Sat,15:00,Arsenal,Sunderland,3–0,Emirates Stadium,60312,Samuel Barrott,/en/matches/686d660a/Arsenal-Sunderland-February-7-2026-Premier-League
ENG-Premier League,2526,2026-02-07 Arsenal-Sunderland,Arsenal,Leandro Trossard,19,BEL,FW,31-065,88,0,1,0,0,3,0,0,0,0,2,0,6,0,0,0,0,0,686d660a,2/7/2026,25,Sat,15:00,Arsenal,Sunderland,3–0,Emirates Stadium,60312,Samuel Barrott,/en/matches/686d660a/Arsenal-Sunderland-February-7-2026-Premier-League
ENG-Premier League,2526,2026-02-07 Arsenal-Sunderland,Arsenal,Martín Zubimendi,36,ESP,CM,27-005,90,1,0,0,0,1,1,0,0,0,1,0,2,0,3,0,0,0,686d660a,2/7/2026,25,Sat,15:00,Arsenal,Sunderland,3–0,Emirates Stadium,60312,Samuel Barrott,/en/matches/686d660a/Arsenal-Sunderland-February-7-2026-Premier-League
ENG-Premier League,2526,2026-02-07 Arsenal-Sunderland,Arsenal,Noni Madueke,20,ENG,FW,23-334,59,0,0,0,0,1,0,0,0,2,0,0,3,1,0,0,0,0,686d660a,2/7/2026,25,Sat,15:00,Arsenal,Sunderland,3–0,Emirates Stadium,60312,Samuel Barrott,/en/matches/686d660a/Arsenal-Sunderland-February-7-2026-Premier-League
ENG-Premier League,2526,2026-02-07 Arsenal-Sunderland,Arsenal,Piero Hincapié,5,ECU,DF,24-029,24,0,0,0,0,0,0,0,0,0,0,0,1,0,0,0,0,0,686d660a,2/7/2026,25,Sat,15:00,Arsenal,Sunderland,3–0,Emirates Stadium,60312,Samuel Barrott,/en/matches/686d660a/Arsenal-Sunderland-February-7-2026-Premier-League
ENG-Premier League,2526,2026-02-07 Arsenal-Sunderland,Arsenal,Riccardo Calafiori,33,ITA,LB,23-264,66,0,0,0,0,1,0,0,0,3,0,0,1,1,0,0,0,0,686d660a,2/7/2026,25,Sat,15:00,Arsenal,Sunderland,3–0,Emirates Stadium,60312,Samuel Barrott,/en/matches/686d660a/Arsenal-Sunderland-February-7-2026-Premier-League
ENG-Premier League,2526,2026-02-07 Arsenal-Sunderland,Arsenal,Viktor Gyökeres,14,SWE,"FW,MF",27-248,31,2,0,0,0,2,2,0,0,0,0,0,0,0,0,0,0,0,686d660a,2/7/2026,25,Sat,15:00,Arsenal,Sunderland,3–0,Emirates Stadium,60312,Samuel Barrott,/en/matches/686d660a/Arsenal-Sunderland-February-7-2026-Premier-League
ENG-Premier League,2526,2026-02-07 Arsenal-Sunderland,Arsenal,William Saliba,2,FRA,CB,24-320,90,0,0,0,0,0,0,1,0,2,2,0,1,1,1,0,0,0,686d660a,2/7/2026,25,Sat,15:00,Arsenal,Sunderland,3–0,Emirates Stadium,60312,Samuel Barrott,/en/matches/686d660a/Arsenal-Sunderland-February-7-2026-Premier-League
ENG-Premier League,2526,2026-02-12 Brentford-Arsenal,Arsenal,Bukayo Saka,7,ENG,"FW,MF",24-160,21,0,0,0,0,0,0,0,0,1,0,0,0,0,0,0,0,0,33167c49,2/12/2026,26,Thu,20:00,Brentford,Arsenal,1–1,Gtech Community Stadium,17224,John Brooks,/en/matches/33167c49/Brentford-Arsenal-February-12-2026-Premier-League
ENG-Premier League,2526,2026-02-12 Brentford-Arsenal,Arsenal,Cristhian Mosquera,3,ESP,CB,21-230,90,0,0,0,0,0,0,0,0,2,0,0,0,1,0,0,0,0,33167c49,2/12/2026,26,Thu,20:00,Brentford,Arsenal,1–1,Gtech Community Stadium,17224,John Brooks,/en/matches/33167c49/Brentford-Arsenal-February-12-2026-Premier-League
ENG-Premier League,2526,2026-02-12 Brentford-Arsenal,Arsenal,David Raya,1,ESP,GK,30-150,90,0,0,0,0,0,0,0,0,0,0,0,0,0,0,0,0,0,33167c49,2/12/2026,26,Thu,20:00,Brentford,Arsenal,1–1,Gtech Community Stadium,17224,John Brooks,/en/matches/33167c49/Brentford-Arsenal-February-12-2026-Premier-League
ENG-Premier League,2526,2026-02-12 Brentford-Arsenal,Arsenal,Declan Rice,41,ENG,DM,27-029,90,0,0,0,0,0,0,0,0,0,1,0,3,1,0,0,0,0,33167c49,2/12/2026,26,Thu,20:00,Brentford,Arsenal,1–1,Gtech Community Stadium,17224,John Brooks,/en/matches/33167c49/Brentford-Arsenal-February-12-2026-Premier-League
ENG-Premier League,2526,2026-02-12 Brentford-Arsenal,Arsenal,Eberechi Eze,10,ENG,AM,27-228,45,0,0,0,0,0,0,0,0,1,2,0,0,0,1,0,0,0,33167c49,2/12/2026,26,Thu,20:00,Brentford,Arsenal,1–1,Gtech Community Stadium,17224,John Brooks,/en/matches/33167c49/Brentford-Arsenal-February-12-2026-Premier-League
ENG-Premier League,2526,2026-02-12 Brentford-Arsenal,Arsenal,Gabriel Magalhães,6,BRA,CB,28-055,90,0,0,0,0,1,0,1,0,2,1,0,1,1,2,0,0,0,33167c49,2/12/2026,26,Thu,20:00,Brentford,Arsenal,1–1,Gtech Community Stadium,17224,John Brooks,/en/matches/33167c49/Brentford-Arsenal-February-12-2026-Premier-League
ENG-Premier League,2526,2026-02-12 Brentford-Arsenal,Arsenal,Gabriel Martinelli,11,BRA,"FW,MF",24-239,10,0,0,0,0,1,1,0,0,0,1,0,1,0,0,0,0,0,33167c49,2/12/2026,26,Thu,20:00,Brentford,Arsenal,1–1,Gtech Community Stadium,17224,John Brooks,/en/matches/33167c49/Brentford-Arsenal-February-12-2026-Premier-League
ENG-Premier League,2526,2026-02-12 Brentford-Arsenal,Arsenal,Jurriën Timber,12,NED,RB,24-240,90,0,0,0,0,0,0,0,0,1,2,0,3,1,1,0,0,0,33167c49,2/12/2026,26,Thu,20:00,Brentford,Arsenal,1–1,Gtech Community Stadium,17224,John Brooks,/en/matches/33167c49/Brentford-Arsenal-February-12-2026-Premier-League
ENG-Premier League,2526,2026-02-12 Brentford-Arsenal,Arsenal,Leandro Trossard,19,BEL,AM,31-070,80,0,0,0,0,2,0,0,0,1,1,0,2,2,0,0,0,0,33167c49,2/12/2026,26,Thu,20:00,Brentford,Arsenal,1–1,Gtech Community Stadium,17224,John Brooks,/en/matches/33167c49/Brentford-Arsenal-February-12-2026-Premier-League
ENG-Premier League,2526,2026-02-12 Brentford-Arsenal,Arsenal,Martin Ødegaard,8,NOR,"FW,MF",27-057,45,0,0,0,0,1,0,0,0,0,1,0,1,0,0,0,0,0,33167c49,2/12/2026,26,Thu,20:00,Brentford,Arsenal,1–1,Gtech Community Stadium,17224,John Brooks,/en/matches/33167c49/Brentford-Arsenal-February-12-2026-Premier-League
ENG-Premier League,2526,2026-02-12 Brentford-Arsenal,Arsenal,Martín Zubimendi,36,ESP,DM,27-010,90,0,0,0,0,0,0,0,0,0,0,0,0,0,0,0,0,0,33167c49,2/12/2026,26,Thu,20:00,Brentford,Arsenal,1–1,Gtech Community Stadium,17224,John Brooks,/en/matches/33167c49/Brentford-Arsenal-February-12-2026-Premier-League
ENG-Premier League,2526,2026-02-12 Brentford-Arsenal,Arsenal,Noni Madueke,20,ENG,AM,23-339,69,1,0,0,0,2,1,0,0,1,1,0,5,3,0,0,0,0,33167c49,2/12/2026,26,Thu,20:00,Brentford,Arsenal,1–1,Gtech Community Stadium,17224,John Brooks,/en/matches/33167c49/Brentford-Arsenal-February-12-2026-Premier-League
ENG-Premier League,2526,2026-02-12 Brentford-Arsenal,Arsenal,Piero Hincapié,5,ECU,LB,24-034,80,0,1,0,0,0,0,0,0,1,1,0,7,2,0,0,0,0,33167c49,2/12/2026,26,Thu,20:00,Brentford,Arsenal,1–1,Gtech Community Stadium,17224,John Brooks,/en/matches/33167c49/Brentford-Arsenal-February-12-2026-Premier-League
ENG-Premier League,2526,2026-02-12 Brentford-Arsenal,Arsenal,Riccardo Calafiori,33,ITA,DF,23-269,10,0,0,0,0,0,0,0,0,0,0,0,0,0,0,0,0,0,33167c49,2/12/2026,26,Thu,20:00,Brentford,Arsenal,1–1,Gtech Community Stadium,17224,John Brooks,/en/matches/33167c49/Brentford-Arsenal-February-12-2026-Premier-League
ENG-Premier League,2526,2026-02-12 Brentford-Arsenal,Arsenal,Viktor Gyökeres,14,SWE,FW,27-253,90,0,0,0,0,0,0,1,0,1,1,0,0,0,0,0,0,0,33167c49,2/12/2026,26,Thu,20:00,Brentford,Arsenal,1–1,Gtech Community Stadium,17224,John Brooks,/en/matches/33167c49/Brentford-Arsenal-February-12-2026-Premier-League
ENG-Premier League,2526,2026-02-18 Wolves-Arsenal,Arsenal,Bukayo Saka,7,ENG,AM,24-166,72,1,0,0,0,1,1,0,0,2,1,0,3,1,3,0,0,0,96241478,2/18/2026,31,Wed,20:00,Wolves,Arsenal,2–2,Molineux Stadium,29843,Paul Tierney,/en/matches/96241478/Wolverhampton-Wanderers-Arsenal-February-18-2026-Premier-League
ENG-Premier League,2526,2026-02-18 Wolves-Arsenal,Arsenal,David Raya,1,ESP,GK,30-156,90,0,0,0,0,0,0,0,0,0,0,0,0,0,0,0,0,0,96241478,2/18/2026,31,Wed,20:00,Wolves,Arsenal,2–2,Molineux Stadium,29843,Paul Tierney,/en/matches/96241478/Wolverhampton-Wanderers-Arsenal-February-18-2026-Premier-League
ENG-Premier League,2526,2026-02-18 Wolves-Arsenal,Arsenal,Declan Rice,41,ENG,DM,27-035,90,0,1,0,0,1,0,0,0,0,0,0,1,2,2,0,0,0,96241478,2/18/2026,31,Wed,20:00,Wolves,Arsenal,2–2,Molineux Stadium,29843,Paul Tierney,/en/matches/96241478/Wolverhampton-Wanderers-Arsenal-February-18-2026-Premier-League
ENG-Premier League,2526,2026-02-18 Wolves-Arsenal,Arsenal,Eberechi Eze,10,ENG,"FW,MF",27-234,26,0,0,0,0,1,0,0,0,0,0,0,0,0,0,0,0,0,96241478,2/18/2026,31,Wed,20:00,Wolves,Arsenal,2–2,Molineux Stadium,29843,Paul Tierney,/en/matches/96241478/Wolverhampton-Wanderers-Arsenal-February-18-2026-Premier-League
ENG-Premier League,2526,2026-02-18 Wolves-Arsenal,Arsenal,Gabriel Jesus,9,BRA,"FW,MF",28-321,26,0,0,0,0,0,0,1,0,1,0,0,0,0,0,0,0,0,96241478,2/18/2026,31,Wed,20:00,Wolves,Arsenal,2–2,Molineux Stadium,29843,Paul Tierney,/en/matches/96241478/Wolverhampton-Wanderers-Arsenal-February-18-2026-Premier-League
ENG-Premier League,2526,2026-02-18 Wolves-Arsenal,Arsenal,Gabriel Magalhães,6,BRA,CB,28-061,90,0,1,0,0,0,0,0,0,0,0,0,0,0,1,0,0,0,96241478,2/18/2026,31,Wed,20:00,Wolves,Arsenal,2–2,Molineux Stadium,29843,Paul Tierney,/en/matches/96241478/Wolverhampton-Wanderers-Arsenal-February-18-2026-Premier-League
ENG-Premier League,2526,2026-02-18 Wolves-Arsenal,Arsenal,Gabriel Martinelli,11,BRA,AM,24-245,90,0,0,0,0,2,1,0,0,0,0,2,6,2,0,0,0,0,96241478,2/18/2026,31,Wed,20:00,Wolves,Arsenal,2–2,Molineux Stadium,29843,Paul Tierney,/en/matches/96241478/Wolverhampton-Wanderers-Arsenal-February-18-2026-Premier-League
ENG-Premier League,2526,2026-02-18 Wolves-Arsenal,Arsenal,Jurriën Timber,12,NED,RB,24-246,90,0,0,0,0,0,0,0,0,0,1,0,2,2,1,0,0,0,96241478,2/18/2026,31,Wed,20:00,Wolves,Arsenal,2–2,Molineux Stadium,29843,Paul Tierney,/en/matches/96241478/Wolverhampton-Wanderers-Arsenal-February-18-2026-Premier-League
ENG-Premier League,2526,2026-02-18 Wolves-Arsenal,Arsenal,Leandro Trossard,19,BEL,"FW,MF",31-076,17,0,0,0,0,1,0,0,0,0,0,0,0,0,0,0,0,0,96241478,2/18/2026,31,Wed,20:00,Wolves,Arsenal,2–2,Molineux Stadium,29843,Paul Tierney,/en/matches/96241478/Wolverhampton-Wanderers-Arsenal-February-18-2026-Premier-League
ENG-Premier League,2526,2026-02-18 Wolves-Arsenal,Arsenal,Martín Zubimendi,36,ESP,DM,27-016,90,0,0,0,0,0,0,0,0,2,2,0,1,2,1,0,0,0,96241478,2/18/2026,31,Wed,20:00,Wolves,Arsenal,2–2,Molineux Stadium,29843,Paul Tierney,/en/matches/96241478/Wolverhampton-Wanderers-Arsenal-February-18-2026-Premier-League
ENG-Premier League,2526,2026-02-18 Wolves-Arsenal,Arsenal,Noni Madueke,20,ENG,AM,23-345,64,0,0,0,0,3,1,0,0,1,0,1,3,0,0,0,0,0,96241478,2/18/2026,31,Wed,20:00,Wolves,Arsenal,2–2,Molineux Stadium,29843,Paul Tierney,/en/matches/96241478/Wolverhampton-Wanderers-Arsenal-February-18-2026-Premier-League
ENG-Premier League,2526,2026-02-18 Wolves-Arsenal,Arsenal,Piero Hincapié,5,ECU,LB,24-040,90,1,0,0,0,1,1,0,0,0,2,0,3,0,3,0,0,0,96241478,2/18/2026,31,Wed,20:00,Wolves,Arsenal,2–2,Molineux Stadium,29843,Paul Tierney,/en/matches/96241478/Wolverhampton-Wanderers-Arsenal-February-18-2026-Premier-League
ENG-Premier League,2526,2026-02-18 Wolves-Arsenal,Arsenal,Riccardo Calafiori,33,ITA,DF,23-275,1,0,0,0,0,0,0,0,0,0,0,0,0,0,0,0,0,0,96241478,2/18/2026,31,Wed,20:00,Wolves,Arsenal,2–2,Molineux Stadium,29843,Paul Tierney,/en/matches/96241478/Wolverhampton-Wanderers-Arsenal-February-18-2026-Premier-League
ENG-Premier League,2526,2026-02-18 Wolves-Arsenal,Arsenal,Viktor Gyökeres,14,SWE,FW,27-259,64,0,0,0,0,0,0,0,0,0,0,0,1,0,0,0,0,0,96241478,2/18/2026,31,Wed,20:00,Wolves,Arsenal,2–2,Molineux Stadium,29843,Paul Tierney,/en/matches/96241478/Wolverhampton-Wanderers-Arsenal-February-18-2026-Premier-League
ENG-Premier League,2526,2026-02-18 Wolves-Arsenal,Arsenal,William Saliba,2,FRA,CB,24-331,90,0,0,0,0,0,0,0,0,2,0,0,1,3,0,0,0,0,96241478,2/18/2026,31,Wed,20:00,Wolves,Arsenal,2–2,Molineux Stadium,29843,Paul Tierney,/en/matches/96241478/Wolverhampton-Wanderers-Arsenal-February-18-2026-Premier-League
ENG-Premier League,2526,2026-02-22 Tottenham Hotspur-Arsenal,Arsenal,Bukayo Saka,7,ENG,AM,24-170,89,0,0,0,0,5,2,0,0,1,4,0,4,1,1,0,0,0,d8c5bce1,2/22/2026,27,Sun,16:30,Tottenham Hotspur,Arsenal,1–4,Tottenham Hotspur Stadium,61439,Peter Bankes,/en/matches/d8c5bce1/North-London-Derby-Tottenham-Hotspur-Arsenal-February-22-2026-Premier-League
ENG-Premier League,2526,2026-02-22 Tottenham Hotspur-Arsenal,Arsenal,Cristhian Mosquera,3,ESP,DF,21-240,34,0,0,0,0,0,0,0,0,0,0,0,0,4,0,0,0,0,d8c5bce1,2/22/2026,27,Sun,16:30,Tottenham Hotspur,Arsenal,1–4,Tottenham Hotspur Stadium,61439,Peter Bankes,/en/matches/d8c5bce1/North-London-Derby-Tottenham-Hotspur-Arsenal-February-22-2026-Premier-League
ENG-Premier League,2526,2026-02-22 Tottenham Hotspur-Arsenal,Arsenal,David Raya,1,ESP,GK,30-160,90,0,0,0,0,0,0,0,0,0,1,0,0,0,0,0,0,0,d8c5bce1,2/22/2026,27,Sun,16:30,Tottenham Hotspur,Arsenal,1–4,Tottenham Hotspur Stadium,61439,Peter Bankes,/en/matches/d8c5bce1/North-London-Derby-Tottenham-Hotspur-Arsenal-February-22-2026-Premier-League
ENG-Premier League,2526,2026-02-22 Tottenham Hotspur-Arsenal,Arsenal,Declan Rice,41,ENG,DM,27-039,90,0,0,0,0,0,0,0,0,0,3,0,5,1,1,0,0,0,d8c5bce1,2/22/2026,27,Sun,16:30,Tottenham Hotspur,Arsenal,1–4,Tottenham Hotspur Stadium,61439,Peter Bankes,/en/matches/d8c5bce1/North-London-Derby-Tottenham-Hotspur-Arsenal-February-22-2026-Premier-League
ENG-Premier League,2526,2026-02-22 Tottenham Hotspur-Arsenal,Arsenal,Eberechi Eze,10,ENG,AM,27-238,76,2,0,0,0,5,2,0,0,1,0,0,0,0,1,0,0,0,d8c5bce1,2/22/2026,27,Sun,16:30,Tottenham Hotspur,Arsenal,1–4,Tottenham Hotspur Stadium,61439,Peter Bankes,/en/matches/d8c5bce1/North-London-Derby-Tottenham-Hotspur-Arsenal-February-22-2026-Premier-League
ENG-Premier League,2526,2026-02-22 Tottenham Hotspur-Arsenal,Arsenal,Gabriel Magalhães,6,BRA,CB,28-065,90,0,0,0,0,0,0,0,0,0,3,0,0,1,0,0,0,0,d8c5bce1,2/22/2026,27,Sun,16:30,Tottenham Hotspur,Arsenal,1–4,Tottenham Hotspur Stadium,61439,Peter Bankes,/en/matches/d8c5bce1/North-London-Derby-Tottenham-Hotspur-Arsenal-February-22-2026-Premier-League
ENG-Premier League,2526,2026-02-22 Tottenham Hotspur-Arsenal,Arsenal,Gabriel Martinelli,11,BRA,"FW,MF",24-249,14,0,0,0,0,0,0,0,0,0,0,0,1,0,0,0,0,0,d8c5bce1,2/22/2026,27,Sun,16:30,Tottenham Hotspur,Arsenal,1–4,Tottenham Hotspur Stadium,61439,Peter Bankes,/en/matches/d8c5bce1/North-London-Derby-Tottenham-Hotspur-Arsenal-February-22-2026-Premier-League
ENG-Premier League,2526,2026-02-22 Tottenham Hotspur-Arsenal,Arsenal,Jurriën Timber,12,NED,RB,24-250,56,0,1,0,0,0,0,1,0,1,0,0,2,1,0,0,0,0,d8c5bce1,2/22/2026,27,Sun,16:30,Tottenham Hotspur,Arsenal,1–4,Tottenham Hotspur Stadium,61439,Peter Bankes,/en/matches/d8c5bce1/North-London-Derby-Tottenham-Hotspur-Arsenal-February-22-2026-Premier-League
ENG-Premier League,2526,2026-02-22 Tottenham Hotspur-Arsenal,Arsenal,Leandro Trossard,19,BEL,AM,31-080,76,0,0,0,0,4,1,0,0,1,0,0,0,2,1,0,0,0,d8c5bce1,2/22/2026,27,Sun,16:30,Tottenham Hotspur,Arsenal,1–4,Tottenham Hotspur Stadium,61439,Peter Bankes,/en/matches/d8c5bce1/North-London-Derby-Tottenham-Hotspur-Arsenal-February-22-2026-Premier-League
ENG-Premier League,2526,2026-02-22 Tottenham Hotspur-Arsenal,Arsenal,Martin Ødegaard,8,NOR,"FW,MF",27-067,14,0,1,0,0,0,0,0,0,0,0,0,0,0,0,0,0,0,d8c5bce1,2/22/2026,27,Sun,16:30,Tottenham Hotspur,Arsenal,1–4,Tottenham Hotspur Stadium,61439,Peter Bankes,/en/matches/d8c5bce1/North-London-Derby-Tottenham-Hotspur-Arsenal-February-22-2026-Premier-League
ENG-Premier League,2526,2026-02-22 Tottenham Hotspur-Arsenal,Arsenal,Martín Zubimendi,36,ESP,DM,27-020,90,0,0,0,0,0,0,0,0,0,1,0,1,1,0,0,0,0,d8c5bce1,2/22/2026,27,Sun,16:30,Tottenham Hotspur,Arsenal,1–4,Tottenham Hotspur Stadium,61439,Peter Bankes,/en/matches/d8c5bce1/North-London-Derby-Tottenham-Hotspur-Arsenal-February-22-2026-Premier-League
ENG-Premier League,2526,2026-02-22 Tottenham Hotspur-Arsenal,Arsenal,Noni Madueke,20,ENG,"FW,MF",23-349,1,0,0,0,0,0,0,0,0,0,1,0,0,0,0,0,0,0,d8c5bce1,2/22/2026,27,Sun,16:30,Tottenham Hotspur,Arsenal,1–4,Tottenham Hotspur Stadium,61439,Peter Bankes,/en/matches/d8c5bce1/North-London-Derby-Tottenham-Hotspur-Arsenal-February-22-2026-Premier-League
ENG-Premier League,2526,2026-02-22 Tottenham Hotspur-Arsenal,Arsenal,Piero Hincapié,5,ECU,LB,24-044,90,0,0,0,0,1,0,0,0,4,1,0,2,5,0,0,0,0,d8c5bce1,2/22/2026,27,Sun,16:30,Tottenham Hotspur,Arsenal,1–4,Tottenham Hotspur Stadium,61439,Peter Bankes,/en/matches/d8c5bce1/North-London-Derby-Tottenham-Hotspur-Arsenal-February-22-2026-Premier-League
ENG-Premier League,2526,2026-02-22 Tottenham Hotspur-Arsenal,Arsenal,Viktor Gyökeres,14,SWE,FW,27-263,90,2,0,0,0,4,2,0,0,3,1,0,0,1,0,0,0,0,d8c5bce1,2/22/2026,27,Sun,16:30,Tottenham Hotspur,Arsenal,1–4,Tottenham Hotspur Stadium,61439,Peter Bankes,/en/matches/d8c5bce1/North-London-Derby-Tottenham-Hotspur-Arsenal-February-22-2026-Premier-League
ENG-Premier League,2526,2026-02-22 Tottenham Hotspur-Arsenal,Arsenal,William Saliba,2,FRA,CB,24-335,90,0,0,0,0,1,0,0,0,0,1,0,0,1,2,0,0,0,d8c5bce1,2/22/2026,27,Sun,16:30,Tottenham Hotspur,Arsenal,1–4,Tottenham Hotspur Stadium,61439,Peter Bankes,/en/matches/d8c5bce1/North-London-Derby-Tottenham-Hotspur-Arsenal-February-22-2026-Premier-League
ENG-Premier League,2526,2026-03-01 Arsenal-Chelsea,Arsenal,Bukayo Saka,7,ENG,AM,24-177,90,0,0,0,0,1,0,0,0,1,3,0,1,0,1,0,0,0,afbe13a4,3/1/2026,28,Sun,16:30,Arsenal,Chelsea,2–1,Emirates Stadium,60296,Darren England,/en/matches/afbe13a4/North-West-London-Derby-Arsenal-Chelsea-March-1-2026-Premier-League
ENG-Premier League,2526,2026-03-01 Arsenal-Chelsea,Arsenal,Christian Nørgaard,16,DEN,MF,31-356,15,0,0,0,0,0,0,0,0,0,0,0,0,0,0,0,0,0,afbe13a4,3/1/2026,28,Sun,16:30,Arsenal,Chelsea,2–1,Emirates Stadium,60296,Darren England,/en/matches/afbe13a4/North-West-London-Derby-Arsenal-Chelsea-March-1-2026-Premier-League
ENG-Premier League,2526,2026-03-01 Arsenal-Chelsea,Arsenal,David Raya,1,ESP,GK,30-167,90,0,0,0,0,0,0,0,0,0,1,0,0,0,0,0,0,0,afbe13a4,3/1/2026,28,Sun,16:30,Arsenal,Chelsea,2–1,Emirates Stadium,60296,Darren England,/en/matches/afbe13a4/North-West-London-Derby-Arsenal-Chelsea-March-1-2026-Premier-League
ENG-Premier League,2526,2026-03-01 Arsenal-Chelsea,Arsenal,Declan Rice,41,ENG,DM,27-046,75,0,1,0,0,1,0,0,0,0,0,0,6,1,1,0,0,0,afbe13a4,3/1/2026,28,Sun,16:30,Arsenal,Chelsea,2–1,Emirates Stadium,60296,Darren England,/en/matches/afbe13a4/North-West-London-Derby-Arsenal-Chelsea-March-1-2026-Premier-League
ENG-Premier League,2526,2026-03-01 Arsenal-Chelsea,Arsenal,Eberechi Eze,10,ENG,AM,27-245,90,0,0,0,0,3,1,0,0,1,2,0,0,1,0,0,0,0,afbe13a4,3/1/2026,28,Sun,16:30,Arsenal,Chelsea,2–1,Emirates Stadium,60296,Darren England,/en/matches/afbe13a4/North-West-London-Derby-Arsenal-Chelsea-March-1-2026-Premier-League
ENG-Premier League,2526,2026-03-01 Arsenal-Chelsea,Arsenal,Gabriel Magalhães,6,BRA,CB,28-072,90,0,1,0,0,1,1,1,0,1,0,0,0,3,2,0,0,0,afbe13a4,3/1/2026,28,Sun,16:30,Arsenal,Chelsea,2–1,Emirates Stadium,60296,Darren England,/en/matches/afbe13a4/North-West-London-Derby-Arsenal-Chelsea-March-1-2026-Premier-League
ENG-Premier League,2526,2026-03-01 Arsenal-Chelsea,Arsenal,Gabriel Martinelli,11,BRA,"FW,MF",24-256,35,0,0,0,0,0,0,0,0,0,1,0,0,0,0,0,0,0,afbe13a4,3/1/2026,28,Sun,16:30,Arsenal,Chelsea,2–1,Emirates Stadium,60296,Darren England,/en/matches/afbe13a4/North-West-London-Derby-Arsenal-Chelsea-March-1-2026-Premier-League
ENG-Premier League,2526,2026-03-01 Arsenal-Chelsea,Arsenal,Jurriën Timber,12,NED,RB,24-257,90,1,0,0,0,2,2,0,0,1,1,0,1,0,0,0,0,0,afbe13a4,3/1/2026,28,Sun,16:30,Arsenal,Chelsea,2–1,Emirates Stadium,60296,Darren England,/en/matches/afbe13a4/North-West-London-Derby-Arsenal-Chelsea-March-1-2026-Premier-League
ENG-Premier League,2526,2026-03-01 Arsenal-Chelsea,Arsenal,Kai Havertz,29,GER,"FW,MF",26-263,15,0,0,0,0,0,0,0,0,0,1,0,0,0,0,0,0,0,afbe13a4,3/1/2026,28,Sun,16:30,Arsenal,Chelsea,2–1,Emirates Stadium,60296,Darren England,/en/matches/afbe13a4/North-West-London-Derby-Arsenal-Chelsea-March-1-2026-Premier-League
ENG-Premier League,2526,2026-03-01 Arsenal-Chelsea,Arsenal,Leandro Trossard,19,BEL,AM,31-087,55,0,0,0,0,1,0,0,0,1,2,0,0,0,0,0,0,0,afbe13a4,3/1/2026,28,Sun,16:30,Arsenal,Chelsea,2–1,Emirates Stadium,60296,Darren England,/en/matches/afbe13a4/North-West-London-Derby-Arsenal-Chelsea-March-1-2026-Premier-League
ENG-Premier League,2526,2026-03-01 Arsenal-Chelsea,Arsenal,Martín Zubimendi,36,ESP,DM,27-027,90,0,0,0,0,1,0,0,0,1,0,0,0,3,0,0,0,0,afbe13a4,3/1/2026,28,Sun,16:30,Arsenal,Chelsea,2–1,Emirates Stadium,60296,Darren England,/en/matches/afbe13a4/North-West-London-Derby-Arsenal-Chelsea-March-1-2026-Premier-League
ENG-Premier League,2526,2026-03-01 Arsenal-Chelsea,Arsenal,Piero Hincapié,5,ECU,LB,24-051,90,0,0,0,0,0,0,0,0,2,1,0,3,1,1,1,0,0,afbe13a4,3/1/2026,28,Sun,16:30,Arsenal,Chelsea,2–1,Emirates Stadium,60296,Darren England,/en/matches/afbe13a4/North-West-London-Derby-Arsenal-Chelsea-March-1-2026-Premier-League
ENG-Premier League,2526,2026-03-01 Arsenal-Chelsea,Arsenal,Viktor Gyökeres,14,SWE,FW,27-270,75,0,0,0,0,1,0,0,0,1,1,0,0,0,0,0,0,0,afbe13a4,3/1/2026,28,Sun,16:30,Arsenal,Chelsea,2–1,Emirates Stadium,60296,Darren England,/en/matches/afbe13a4/North-West-London-Derby-Arsenal-Chelsea-March-1-2026-Premier-League
ENG-Premier League,2526,2026-03-01 Arsenal-Chelsea,Arsenal,William Saliba,2,FRA,CB,24-342,90,1,0,0,0,1,1,0,0,2,1,0,0,1,0,0,0,0,afbe13a4,3/1/2026,28,Sun,16:30,Arsenal,Chelsea,2–1,Emirates Stadium,60296,Darren England,/en/matches/afbe13a4/North-West-London-Derby-Arsenal-Chelsea-March-1-2026-Premier-League
ENG-Premier League,2526,2026-03-04 Brighton-Arsenal,Arsenal,Bukayo Saka,7,ENG,AM,24-180,90,1,0,0,0,2,1,0,0,3,0,0,0,1,2,0,0,0,7710fcb8,3/4/2026,29,Wed,19:30,Brighton,Arsenal,0–1,The American Express Stadium,31575,Chris Kavanagh,/en/matches/7710fcb8/Brighton-and-Hove-Albion-Arsenal-March-4-2026-Premier-League
ENG-Premier League,2526,2026-03-04 Brighton-Arsenal,Arsenal,Christian Nørgaard,16,DEN,MF,31-359,11,0,0,0,0,0,0,0,0,0,0,0,0,0,0,0,0,0,7710fcb8,3/4/2026,29,Wed,19:30,Brighton,Arsenal,0–1,The American Express Stadium,31575,Chris Kavanagh,/en/matches/7710fcb8/Brighton-and-Hove-Albion-Arsenal-March-4-2026-Premier-League
ENG-Premier League,2526,2026-03-04 Brighton-Arsenal,Arsenal,Cristhian Mosquera,3,ESP,CB,21-250,63,0,0,0,0,0,0,1,0,2,1,0,0,0,1,0,0,0,7710fcb8,3/4/2026,29,Wed,19:30,Brighton,Arsenal,0–1,The American Express Stadium,31575,Chris Kavanagh,/en/matches/7710fcb8/Brighton-and-Hove-Albion-Arsenal-March-4-2026-Premier-League
ENG-Premier League,2526,2026-03-04 Brighton-Arsenal,Arsenal,David Raya,1,ESP,GK,30-170,90,0,0,0,0,0,0,0,0,0,1,0,0,0,0,0,0,0,7710fcb8,3/4/2026,29,Wed,19:30,Brighton,Arsenal,0–1,The American Express Stadium,31575,Chris Kavanagh,/en/matches/7710fcb8/Brighton-and-Hove-Albion-Arsenal-March-4-2026-Premier-League
ENG-Premier League,2526,2026-03-04 Brighton-Arsenal,Arsenal,Declan Rice,41,ENG,DM,27-049,90,0,0,0,0,0,0,0,0,0,1,0,6,1,0,0,0,0,7710fcb8,3/4/2026,29,Wed,19:30,Brighton,Arsenal,0–1,The American Express Stadium,31575,Chris Kavanagh,/en/matches/7710fcb8/Brighton-and-Hove-Albion-Arsenal-March-4-2026-Premier-League
ENG-Premier League,2526,2026-03-04 Brighton-Arsenal,Arsenal,Eberechi Eze,10,ENG,AM,27-248,90,0,0,0,0,0,0,0,0,0,3,0,0,1,0,0,0,0,7710fcb8,3/4/2026,29,Wed,19:30,Brighton,Arsenal,0–1,The American Express Stadium,31575,Chris Kavanagh,/en/matches/7710fcb8/Brighton-and-Hove-Albion-Arsenal-March-4-2026-Premier-League
ENG-Premier League,2526,2026-03-04 Brighton-Arsenal,Arsenal,Gabriel Magalhães,6,BRA,CB,28-075,90,0,0,0,0,0,0,0,0,1,2,0,0,1,0,0,0,0,7710fcb8,3/4/2026,29,Wed,19:30,Brighton,Arsenal,0–1,The American Express Stadium,31575,Chris Kavanagh,/en/matches/7710fcb8/Brighton-and-Hove-Albion-Arsenal-March-4-2026-Premier-League
ENG-Premier League,2526,2026-03-04 Brighton-Arsenal,Arsenal,Gabriel Martinelli,11,BRA,AM,24-259,59,0,0,0,0,1,0,0,0,0,1,0,0,0,0,0,0,0,7710fcb8,3/4/2026,29,Wed,19:30,Brighton,Arsenal,0–1,The American Express Stadium,31575,Chris Kavanagh,/en/matches/7710fcb8/Brighton-and-Hove-Albion-Arsenal-March-4-2026-Premier-League
ENG-Premier League,2526,2026-03-04 Brighton-Arsenal,Arsenal,Jurriën Timber,12,NED,RB,24-260,90,0,1,0,0,0,0,0,0,2,1,0,0,0,3,0,0,0,7710fcb8,3/4/2026,29,Wed,19:30,Brighton,Arsenal,0–1,The American Express Stadium,31575,Chris Kavanagh,/en/matches/7710fcb8/Brighton-and-Hove-Albion-Arsenal-March-4-2026-Premier-League
ENG-Premier League,2526,2026-03-04 Brighton-Arsenal,Arsenal,Kai Havertz,29,GER,"FW,MF",26-266,32,0,0,0,0,2,1,0,0,0,2,0,0,0,0,0,0,0,7710fcb8,3/4/2026,29,Wed,19:30,Brighton,Arsenal,0–1,The American Express Stadium,31575,Chris Kavanagh,/en/matches/7710fcb8/Brighton-and-Hove-Albion-Arsenal-March-4-2026-Premier-League
ENG-Premier League,2526,2026-03-04 Brighton-Arsenal,Arsenal,Leandro Trossard,19,BEL,"FW,MF",31-090,31,0,0,0,0,1,0,0,0,0,1,0,0,0,0,0,0,0,7710fcb8,3/4/2026,29,Wed,19:30,Brighton,Arsenal,0–1,The American Express Stadium,31575,Chris Kavanagh,/en/matches/7710fcb8/Brighton-and-Hove-Albion-Arsenal-March-4-2026-Premier-League
ENG-Premier League,2526,2026-03-04 Brighton-Arsenal,Arsenal,Martín Zubimendi,36,ESP,DM,27-030,79,0,0,0,0,1,0,0,0,1,0,0,1,1,1,0,0,0,7710fcb8,3/4/2026,29,Wed,19:30,Brighton,Arsenal,0–1,The American Express Stadium,31575,Chris Kavanagh,/en/matches/7710fcb8/Brighton-and-Hove-Albion-Arsenal-March-4-2026-Premier-League
ENG-Premier League,2526,2026-03-04 Brighton-Arsenal,Arsenal,Piero Hincapié,5,ECU,LB,24-054,90,0,0,0,0,0,0,0,0,0,1,0,0,0,2,0,0,0,7710fcb8,3/4/2026,29,Wed,19:30,Brighton,Arsenal,0–1,The American Express Stadium,31575,Chris Kavanagh,/en/matches/7710fcb8/Brighton-and-Hove-Albion-Arsenal-March-4-2026-Premier-League
ENG-Premier League,2526,2026-03-04 Brighton-Arsenal,Arsenal,Riccardo Calafiori,33,ITA,DF,23-289,27,0,0,0,0,0,0,0,0,0,0,0,0,0,0,0,0,0,7710fcb8,3/4/2026,29,Wed,19:30,Brighton,Arsenal,0–1,The American Express Stadium,31575,Chris Kavanagh,/en/matches/7710fcb8/Brighton-and-Hove-Albion-Arsenal-March-4-2026-Premier-League
ENG-Premier League,2526,2026-03-04 Brighton-Arsenal,Arsenal,Viktor Gyökeres,14,SWE,FW,27-273,58,0,0,0,0,0,0,0,0,3,0,0,0,0,0,0,0,0,7710fcb8,3/4/2026,29,Wed,19:30,Brighton,Arsenal,0–1,The American Express Stadium,31575,Chris Kavanagh,/en/matches/7710fcb8/Brighton-and-Hove-Albion-Arsenal-March-4-2026-Premier-League
ENG-Premier League,2526,2026-03-14 Arsenal-Everton,Arsenal,Bukayo Saka,7,ENG,AM,24-190,90,0,0,0,0,4,1,0,0,2,2,1,5,1,1,0,0,0,07b4b588,3/14/2026,30,Sat,17:30,Arsenal,Everton,2–0,Emirates Stadium,60176,Andy Madley,/en/matches/07b4b588/Arsenal-Everton-March-14-2026-Premier-League
ENG-Premier League,2526,2026-03-14 Arsenal-Everton,Arsenal,Cristhian Mosquera,3,ESP,DF,21-260,53,0,0,0,0,0,0,0,0,3,0,0,0,2,1,0,0,0,07b4b588,3/14/2026,30,Sat,17:30,Arsenal,Everton,2–0,Emirates Stadium,60176,Andy Madley,/en/matches/07b4b588/Arsenal-Everton-March-14-2026-Premier-League
ENG-Premier League,2526,2026-03-14 Arsenal-Everton,Arsenal,David Raya,1,ESP,GK,30-180,90,0,0,0,0,0,0,0,0,0,0,0,0,0,0,0,0,0,07b4b588,3/14/2026,30,Sat,17:30,Arsenal,Everton,2–0,Emirates Stadium,60176,Andy Madley,/en/matches/07b4b588/Arsenal-Everton-March-14-2026-Premier-League
ENG-Premier League,2526,2026-03-14 Arsenal-Everton,Arsenal,Declan Rice,41,ENG,DM,27-059,90,0,0,0,0,1,0,0,0,2,0,0,5,1,0,0,0,0,07b4b588,3/14/2026,30,Sat,17:30,Arsenal,Everton,2–0,Emirates Stadium,60176,Andy Madley,/en/matches/07b4b588/Arsenal-Everton-March-14-2026-Premier-League
ENG-Premier League,2526,2026-03-14 Arsenal-Everton,Arsenal,Eberechi Eze,10,ENG,AM,27-258,90,0,0,0,0,7,1,0,0,2,2,0,1,1,0,0,0,0,07b4b588,3/14/2026,30,Sat,17:30,Arsenal,Everton,2–0,Emirates Stadium,60176,Andy Madley,/en/matches/07b4b588/Arsenal-Everton-March-14-2026-Premier-League
ENG-Premier League,2526,2026-03-14 Arsenal-Everton,Arsenal,Gabriel Magalhães,6,BRA,CB,28-085,90,0,0,0,0,1,0,0,0,0,3,0,0,1,0,0,0,0,07b4b588,3/14/2026,30,Sat,17:30,Arsenal,Everton,2–0,Emirates Stadium,60176,Andy Madley,/en/matches/07b4b588/Arsenal-Everton-March-14-2026-Premier-League
ENG-Premier League,2526,2026-03-14 Arsenal-Everton,Arsenal,Gabriel Martinelli,11,BRA,"FW,MF",24-269,30,0,1,0,0,1,1,0,0,1,0,1,4,0,0,0,0,0,07b4b588,3/14/2026,30,Sat,17:30,Arsenal,Everton,2–0,Emirates Stadium,60176,Andy Madley,/en/matches/07b4b588/Arsenal-Everton-March-14-2026-Premier-League
ENG-Premier League,2526,2026-03-14 Arsenal-Everton,Arsenal,Jurriën Timber,12,NED,RB,24-270,37,0,0,0,0,0,0,0,0,0,0,0,0,1,0,0,0,0,07b4b588,3/14/2026,30,Sat,17:30,Arsenal,Everton,2–0,Emirates Stadium,60176,Andy Madley,/en/matches/07b4b588/Arsenal-Everton-March-14-2026-Premier-League
ENG-Premier League,2526,2026-03-14 Arsenal-Everton,Arsenal,Kai Havertz,29,GER,FW,26-276,60,0,0,0,0,0,0,0,0,0,1,0,1,0,0,0,0,0,07b4b588,3/14/2026,30,Sat,17:30,Arsenal,Everton,2–0,Emirates Stadium,60176,Andy Madley,/en/matches/07b4b588/Arsenal-Everton-March-14-2026-Premier-League
ENG-Premier League,2526,2026-03-14 Arsenal-Everton,Arsenal,Martín Zubimendi,36,ESP,DM,27-040,73,0,0,0,0,2,0,0,0,0,0,0,0,1,1,0,0,0,07b4b588,3/14/2026,30,Sat,17:30,Arsenal,Everton,2–0,Emirates Stadium,60176,Andy Madley,/en/matches/07b4b588/Arsenal-Everton-March-14-2026-Premier-League
ENG-Premier League,2526,2026-03-14 Arsenal-Everton,Arsenal,Max Dowman,56,ENG,MF,16-073,17,1,0,0,0,2,1,0,0,0,2,0,1,0,0,0,0,0,07b4b588,3/14/2026,30,Sat,17:30,Arsenal,Everton,2–0,Emirates Stadium,60176,Andy Madley,/en/matches/07b4b588/Arsenal-Everton-March-14-2026-Premier-League
ENG-Premier League,2526,2026-03-14 Arsenal-Everton,Arsenal,Noni Madueke,20,ENG,AM,24-004,60,0,0,0,0,2,1,0,0,0,0,0,1,1,0,0,0,0,07b4b588,3/14/2026,30,Sat,17:30,Arsenal,Everton,2–0,Emirates Stadium,60176,Andy Madley,/en/matches/07b4b588/Arsenal-Everton-March-14-2026-Premier-League
ENG-Premier League,2526,2026-03-14 Arsenal-Everton,Arsenal,Piero Hincapié,5,ECU,DF,24-064,17,0,1,0,0,0,0,0,0,0,0,0,2,1,0,0,0,0,07b4b588,3/14/2026,30,Sat,17:30,Arsenal,Everton,2–0,Emirates Stadium,60176,Andy Madley,/en/matches/07b4b588/Arsenal-Everton-March-14-2026-Premier-League
ENG-Premier League,2526,2026-03-14 Arsenal-Everton,Arsenal,Riccardo Calafiori,33,ITA,LB,23-299,73,0,0,0,0,4,1,0,0,0,0,0,0,0,0,0,0,0,07b4b588,3/14/2026,30,Sat,17:30,Arsenal,Everton,2–0,Emirates Stadium,60176,Andy Madley,/en/matches/07b4b588/Arsenal-Everton-March-14-2026-Premier-League
ENG-Premier League,2526,2026-03-14 Arsenal-Everton,Arsenal,Viktor Gyökeres,14,SWE,"FW,MF",27-283,30,1,0,0,0,1,1,0,0,0,1,0,0,0,0,0,0,0,07b4b588,3/14/2026,30,Sat,17:30,Arsenal,Everton,2–0,Emirates Stadium,60176,Andy Madley,/en/matches/07b4b588/Arsenal-Everton-March-14-2026-Premier-League
ENG-Premier League,2526,2026-03-14 Arsenal-Everton,Arsenal,William Saliba,2,FRA,CB,24-355,90,0,0,0,0,0,0,0,0,1,1,0,1,3,1,0,0,0,07b4b588,3/14/2026,30,Sat,17:30,Arsenal,Everton,2–0,Emirates Stadium,60176,Andy Madley,/en/matches/07b4b588/Arsenal-Everton-March-14-2026-Premier-League
ENG-Premier League,2526,2026-04-11 Arsenal-Bournemouth,Arsenal,Ben White,4,ENG,RB,28-185,75,0,0,0,0,1,0,0,0,0,1,0,0,2,3,0,0,0,38b3efe9,4/11/2026,32,Sat,12:30,Arsenal,Bournemouth,1–2,Emirates Stadium,60210,Michael Oliver,/en/matches/38b3efe9/Arsenal-Bournemouth-April-11-2026-Premier-League
ENG-Premier League,2526,2026-04-11 Arsenal-Bournemouth,Arsenal,Cristhian Mosquera,3,ESP,DF,21-288,15,0,0,0,0,0,0,0,0,0,0,0,0,0,0,0,0,0,38b3efe9,4/11/2026,32,Sat,12:30,Arsenal,Bournemouth,1–2,Emirates Stadium,60210,Michael Oliver,/en/matches/38b3efe9/Arsenal-Bournemouth-April-11-2026-Premier-League
ENG-Premier League,2526,2026-04-11 Arsenal-Bournemouth,Arsenal,David Raya,1,ESP,GK,30-208,90,0,0,0,0,0,0,0,0,0,1,0,0,0,0,0,0,0,38b3efe9,4/11/2026,32,Sat,12:30,Arsenal,Bournemouth,1–2,Emirates Stadium,60210,Michael Oliver,/en/matches/38b3efe9/Arsenal-Bournemouth-April-11-2026-Premier-League
ENG-Premier League,2526,2026-04-11 Arsenal-Bournemouth,Arsenal,Declan Rice,41,ENG,DM,27-087,90,0,0,0,0,4,1,0,0,0,0,0,11,1,1,0,0,0,38b3efe9,4/11/2026,32,Sat,12:30,Arsenal,Bournemouth,1–2,Emirates Stadium,60210,Michael Oliver,/en/matches/38b3efe9/Arsenal-Bournemouth-April-11-2026-Premier-League
ENG-Premier League,2526,2026-04-11 Arsenal-Bournemouth,Arsenal,Eberechi Eze,10,ENG,"FW,MF",27-286,37,0,0,0,0,0,0,0,0,0,1,0,0,1,0,0,0,0,38b3efe9,4/11/2026,32,Sat,12:30,Arsenal,Bournemouth,1–2,Emirates Stadium,60210,Michael Oliver,/en/matches/38b3efe9/Arsenal-Bournemouth-April-11-2026-Premier-League
ENG-Premier League,2526,2026-04-11 Arsenal-Bournemouth,Arsenal,Gabriel Jesus,9,BRA,"FW,MF",29-008,15,0,0,0,0,1,1,0,0,0,0,0,0,0,0,0,0,0,38b3efe9,4/11/2026,32,Sat,12:30,Arsenal,Bournemouth,1–2,Emirates Stadium,60210,Michael Oliver,/en/matches/38b3efe9/Arsenal-Bournemouth-April-11-2026-Premier-League
ENG-Premier League,2526,2026-04-11 Arsenal-Bournemouth,Arsenal,Gabriel Magalhães,6,BRA,CB,28-113,90,0,0,0,0,2,0,0,0,2,1,0,0,1,0,0,0,0,38b3efe9,4/11/2026,32,Sat,12:30,Arsenal,Bournemouth,1–2,Emirates Stadium,60210,Michael Oliver,/en/matches/38b3efe9/Arsenal-Bournemouth-April-11-2026-Premier-League
ENG-Premier League,2526,2026-04-11 Arsenal-Bournemouth,Arsenal,Gabriel Martinelli,11,BRA,AM,24-297,53,0,0,0,0,0,0,0,0,0,0,0,1,0,0,0,0,0,38b3efe9,4/11/2026,32,Sat,12:30,Arsenal,Bournemouth,1–2,Emirates Stadium,60210,Michael Oliver,/en/matches/38b3efe9/Arsenal-Bournemouth-April-11-2026-Premier-League
ENG-Premier League,2526,2026-04-11 Arsenal-Bournemouth,Arsenal,Kai Havertz,29,GER,AM,26-304,53,0,0,0,0,2,0,0,0,3,1,0,1,1,0,0,0,0,38b3efe9,4/11/2026,32,Sat,12:30,Arsenal,Bournemouth,1–2,Emirates Stadium,60210,Michael Oliver,/en/matches/38b3efe9/Arsenal-Bournemouth-April-11-2026-Premier-League
ENG-Premier League,2526,2026-04-11 Arsenal-Bournemouth,Arsenal,Leandro Trossard,19,BEL,"FW,MF",31-128,37,0,0,0,0,0,0,0,0,0,3,0,0,0,0,0,0,0,38b3efe9,4/11/2026,32,Sat,12:30,Arsenal,Bournemouth,1–2,Emirates Stadium,60210,Michael Oliver,/en/matches/38b3efe9/Arsenal-Bournemouth-April-11-2026-Premier-League
ENG-Premier League,2526,2026-04-11 Arsenal-Bournemouth,Arsenal,Martín Zubimendi,36,ESP,DM,27-068,75,0,0,0,0,0,0,0,0,1,2,0,0,2,1,0,0,0,38b3efe9,4/11/2026,32,Sat,12:30,Arsenal,Bournemouth,1–2,Emirates Stadium,60210,Michael Oliver,/en/matches/38b3efe9/Arsenal-Bournemouth-April-11-2026-Premier-League
ENG-Premier League,2526,2026-04-11 Arsenal-Bournemouth,Arsenal,Max Dowman,56,ENG,MF,16-101,37,0,0,0,0,0,0,0,0,1,1,0,5,0,0,0,0,0,38b3efe9,4/11/2026,32,Sat,12:30,Arsenal,Bournemouth,1–2,Emirates Stadium,60210,Michael Oliver,/en/matches/38b3efe9/Arsenal-Bournemouth-April-11-2026-Premier-League
ENG-Premier League,2526,2026-04-11 Arsenal-Bournemouth,Arsenal,Myles Lewis-Skelly,49,ENG,LB,19-197,90,0,0,0,0,1,0,0,0,1,0,1,0,2,1,0,0,0,38b3efe9,4/11/2026,32,Sat,12:30,Arsenal,Bournemouth,1–2,Emirates Stadium,60210,Michael Oliver,/en/matches/38b3efe9/Arsenal-Bournemouth-April-11-2026-Premier-League
ENG-Premier League,2526,2026-04-11 Arsenal-Bournemouth,Arsenal,Noni Madueke,20,ENG,AM,24-032,53,0,0,0,0,0,0,0,0,1,4,0,4,0,0,0,0,0,38b3efe9,4/11/2026,32,Sat,12:30,Arsenal,Bournemouth,1–2,Emirates Stadium,60210,Michael Oliver,/en/matches/38b3efe9/Arsenal-Bournemouth-April-11-2026-Premier-League
ENG-Premier League,2526,2026-04-11 Arsenal-Bournemouth,Arsenal,Viktor Gyökeres,14,SWE,FW,27-311,90,1,0,1,1,4,1,1,0,2,2,1,0,0,0,0,0,0,38b3efe9,4/11/2026,32,Sat,12:30,Arsenal,Bournemouth,1–2,Emirates Stadium,60210,Michael Oliver,/en/matches/38b3efe9/Arsenal-Bournemouth-April-11-2026-Premier-League
ENG-Premier League,2526,2026-04-11 Arsenal-Bournemouth,Arsenal,William Saliba,2,FRA,CB,25-018,90,0,0,0,0,0,0,0,0,1,0,0,0,1,1,0,0,0,38b3efe9,4/11/2026,32,Sat,12:30,Arsenal,Bournemouth,1–2,Emirates Stadium,60210,Michael Oliver,/en/matches/38b3efe9/Arsenal-Bournemouth-April-11-2026-Premier-League
ENG-Premier League,2526,2026-04-19 Manchester City-Arsenal,Arsenal,Ben White,4,ENG,DF,28-193,17,0,0,0,0,0,0,0,0,0,0,0,1,0,0,0,0,0,7e3c19a1,4/19/2026,33,Sun,16:30,Manchester City,Arsenal,2–1,Etihad Stadium,52523,Anthony Taylor,/en/matches/7e3c19a1/Manchester-City-Arsenal-April-19-2026-Premier-League
ENG-Premier League,2526,2026-04-19 Manchester City-Arsenal,Arsenal,Cristhian Mosquera,3,ESP,RB,21-296,73,0,0,0,0,1,0,1,0,4,1,0,1,3,0,0,0,0,7e3c19a1,4/19/2026,33,Sun,16:30,Manchester City,Arsenal,2–1,Etihad Stadium,52523,Anthony Taylor,/en/matches/7e3c19a1/Manchester-City-Arsenal-April-19-2026-Premier-League
ENG-Premier League,2526,2026-04-19 Manchester City-Arsenal,Arsenal,David Raya,1,ESP,GK,30-216,90,0,0,0,0,0,0,0,0,0,1,0,0,0,0,0,0,0,7e3c19a1,4/19/2026,33,Sun,16:30,Manchester City,Arsenal,2–1,Etihad Stadium,52523,Anthony Taylor,/en/matches/7e3c19a1/Manchester-City-Arsenal-April-19-2026-Premier-League
ENG-Premier League,2526,2026-04-19 Manchester City-Arsenal,Arsenal,Declan Rice,41,ENG,CM,27-095,90,0,0,0,0,0,0,0,0,2,0,0,3,1,0,0,0,0,7e3c19a1,4/19/2026,33,Sun,16:30,Manchester City,Arsenal,2–1,Etihad Stadium,52523,Anthony Taylor,/en/matches/7e3c19a1/Manchester-City-Arsenal-April-19-2026-Premier-League
ENG-Premier League,2526,2026-04-19 Manchester City-Arsenal,Arsenal,Eberechi Eze,10,ENG,FW,27-294,73,0,0,0,0,1,0,0,0,0,2,0,0,0,2,0,0,0,7e3c19a1,4/19/2026,33,Sun,16:30,Manchester City,Arsenal,2–1,Etihad Stadium,52523,Anthony Taylor,/en/matches/7e3c19a1/Manchester-City-Arsenal-April-19-2026-Premier-League
ENG-Premier League,2526,2026-04-19 Manchester City-Arsenal,Arsenal,Gabriel Magalhães,6,BRA,CB,28-121,90,0,0,0,0,1,0,1,0,1,0,0,0,1,0,0,0,0,7e3c19a1,4/19/2026,33,Sun,16:30,Manchester City,Arsenal,2–1,Etihad Stadium,52523,Anthony Taylor,/en/matches/7e3c19a1/Manchester-City-Arsenal-April-19-2026-Premier-League
ENG-Premier League,2526,2026-04-19 Manchester City-Arsenal,Arsenal,Gabriel Martinelli,11,BRA,"FW,MF",24-305,45,0,0,0,0,1,1,0,0,1,0,0,0,1,1,0,0,0,7e3c19a1,4/19/2026,33,Sun,16:30,Manchester City,Arsenal,2–1,Etihad Stadium,52523,Anthony Taylor,/en/matches/7e3c19a1/Manchester-City-Arsenal-April-19-2026-Premier-League
ENG-Premier League,2526,2026-04-19 Manchester City-Arsenal,Arsenal,Kai Havertz,29,GER,FW,26-312,90,1,0,0,0,5,2,0,0,1,0,2,0,0,0,0,0,0,7e3c19a1,4/19/2026,33,Sun,16:30,Manchester City,Arsenal,2–1,Etihad Stadium,52523,Anthony Taylor,/en/matches/7e3c19a1/Manchester-City-Arsenal-April-19-2026-Premier-League
ENG-Premier League,2526,2026-04-19 Manchester City-Arsenal,Arsenal,Leandro Trossard,19,BEL,"FW,MF",31-136,17,0,0,0,0,0,0,0,0,0,0,1,1,1,1,0,0,0,7e3c19a1,4/19/2026,33,Sun,16:30,Manchester City,Arsenal,2–1,Etihad Stadium,52523,Anthony Taylor,/en/matches/7e3c19a1/Manchester-City-Arsenal-April-19-2026-Premier-League
ENG-Premier League,2526,2026-04-19 Manchester City-Arsenal,Arsenal,Martin Ødegaard,8,NOR,CM,27-123,90,0,0,0,0,0,0,0,0,2,0,0,1,0,0,0,0,0,7e3c19a1,4/19/2026,33,Sun,16:30,Manchester City,Arsenal,2–1,Etihad Stadium,52523,Anthony Taylor,/en/matches/7e3c19a1/Manchester-City-Arsenal-April-19-2026-Premier-League
ENG-Premier League,2526,2026-04-19 Manchester City-Arsenal,Arsenal,Martín Zubimendi,36,ESP,CM,27-076,84,0,0,0,0,0,0,0,0,1,1,1,0,2,1,0,0,0,7e3c19a1,4/19/2026,33,Sun,16:30,Manchester City,Arsenal,2–1,Etihad Stadium,52523,Anthony Taylor,/en/matches/7e3c19a1/Manchester-City-Arsenal-April-19-2026-Premier-League
ENG-Premier League,2526,2026-04-19 Manchester City-Arsenal,Arsenal,Noni Madueke,20,ENG,FW,24-040,45,0,0,0,0,0,0,0,0,0,0,0,3,1,0,0,0,0,7e3c19a1,4/19/2026,33,Sun,16:30,Manchester City,Arsenal,2–1,Etihad Stadium,52523,Anthony Taylor,/en/matches/7e3c19a1/Manchester-City-Arsenal-April-19-2026-Premier-League
ENG-Premier League,2526,2026-04-19 Manchester City-Arsenal,Arsenal,Piero Hincapié,5,ECU,LB,24-100,90,0,0,0,0,0,0,0,0,0,0,0,2,2,0,0,0,0,7e3c19a1,4/19/2026,33,Sun,16:30,Manchester City,Arsenal,2–1,Etihad Stadium,52523,Anthony Taylor,/en/matches/7e3c19a1/Manchester-City-Arsenal-April-19-2026-Premier-League
ENG-Premier League,2526,2026-04-19 Manchester City-Arsenal,Arsenal,Viktor Gyökeres,14,SWE,"FW,MF",27-319,6,0,0,0,0,0,0,0,0,0,0,0,0,0,0,0,0,0,7e3c19a1,4/19/2026,33,Sun,16:30,Manchester City,Arsenal,2–1,Etihad Stadium,52523,Anthony Taylor,/en/matches/7e3c19a1/Manchester-City-Arsenal-April-19-2026-Premier-League
ENG-Premier League,2526,2026-04-19 Manchester City-Arsenal,Arsenal,William Saliba,2,FRA,CB,25-026,90,0,0,0,0,0,0,0,0,0,0,0,0,2,0,0,0,0,7e3c19a1,4/19/2026,33,Sun,16:30,Manchester City,Arsenal,2–1,Etihad Stadium,52523,Anthony Taylor,/en/matches/7e3c19a1/Manchester-City-Arsenal-April-19-2026-Premier-League
ENG-Premier League,2526,2026-04-25 Arsenal-Newcastle United,Arsenal,Ben White,4,ENG,RB,28-199,90,0,0,0,0,0,0,0,0,0,1,0,1,0,0,0,0,0,aaff013b,4/25/2026,34,Sat,17:30,Arsenal,Newcastle United,1–0,Emirates Stadium,60204,Samuel Barrott,/en/matches/aaff013b/Arsenal-Newcastle-United-April-25-2026-Premier-League
ENG-Premier League,2526,2026-04-25 Arsenal-Newcastle United,Arsenal,Bukayo Saka,7,ENG,"FW,MF",24-232,10,0,0,0,0,1,0,0,0,1,0,0,2,0,1,0,0,0,aaff013b,4/25/2026,34,Sat,17:30,Arsenal,Newcastle United,1–0,Emirates Stadium,60204,Samuel Barrott,/en/matches/aaff013b/Arsenal-Newcastle-United-April-25-2026-Premier-League
ENG-Premier League,2526,2026-04-25 Arsenal-Newcastle United,Arsenal,David Raya,1,ESP,GK,30-222,90,0,0,0,0,0,0,0,0,0,1,0,0,0,0,0,0,0,aaff013b,4/25/2026,34,Sat,17:30,Arsenal,Newcastle United,1–0,Emirates Stadium,60204,Samuel Barrott,/en/matches/aaff013b/Arsenal-Newcastle-United-April-25-2026-Premier-League
ENG-Premier League,2526,2026-04-25 Arsenal-Newcastle United,Arsenal,Declan Rice,41,ENG,CM,27-101,90,0,0,0,0,0,0,1,0,2,0,0,3,0,1,0,0,0,aaff013b,4/25/2026,34,Sat,17:30,Arsenal,Newcastle United,1–0,Emirates Stadium,60204,Samuel Barrott,/en/matches/aaff013b/Arsenal-Newcastle-United-April-25-2026-Premier-League
ENG-Premier League,2526,2026-04-25 Arsenal-Newcastle United,Arsenal,Eberechi Eze,10,ENG,FW,27-300,52,1,0,0,0,3,1,0,0,0,1,0,1,0,0,0,0,0,aaff013b,4/25/2026,34,Sat,17:30,Arsenal,Newcastle United,1–0,Emirates Stadium,60204,Samuel Barrott,/en/matches/aaff013b/Arsenal-Newcastle-United-April-25-2026-Premier-League
ENG-Premier League,2526,2026-04-25 Arsenal-Newcastle United,Arsenal,Gabriel Magalhães,6,BRA,CB,28-127,90,0,0,0,0,0,0,0,0,1,1,0,0,1,1,0,0,0,aaff013b,4/25/2026,34,Sat,17:30,Arsenal,Newcastle United,1–0,Emirates Stadium,60204,Samuel Barrott,/en/matches/aaff013b/Arsenal-Newcastle-United-April-25-2026-Premier-League
ENG-Premier League,2526,2026-04-25 Arsenal-Newcastle United,Arsenal,Gabriel Martinelli,11,BRA,"FW,MF",24-311,38,0,0,0,0,2,1,1,0,2,0,0,0,0,0,0,0,0,aaff013b,4/25/2026,34,Sat,17:30,Arsenal,Newcastle United,1–0,Emirates Stadium,60204,Samuel Barrott,/en/matches/aaff013b/Arsenal-Newcastle-United-April-25-2026-Premier-League
ENG-Premier League,2526,2026-04-25 Arsenal-Newcastle United,Arsenal,Kai Havertz,29,GER,FW,26-318,33,0,1,0,0,0,0,0,0,0,0,0,1,0,0,0,0,0,aaff013b,4/25/2026,34,Sat,17:30,Arsenal,Newcastle United,1–0,Emirates Stadium,60204,Samuel Barrott,/en/matches/aaff013b/Arsenal-Newcastle-United-April-25-2026-Premier-League
ENG-Premier League,2526,2026-04-25 Arsenal-Newcastle United,Arsenal,Martin Ødegaard,8,NOR,CM,27-129,90,0,0,0,0,1,1,0,0,0,0,0,1,2,0,0,0,0,aaff013b,4/25/2026,34,Sat,17:30,Arsenal,Newcastle United,1–0,Emirates Stadium,60204,Samuel Barrott,/en/matches/aaff013b/Arsenal-Newcastle-United-April-25-2026-Premier-League
ENG-Premier League,2526,2026-04-25 Arsenal-Newcastle United,Arsenal,Martín Zubimendi,36,ESP,CM,27-082,80,0,0,0,0,1,0,0,0,1,0,0,0,2,2,0,0,0,aaff013b,4/25/2026,34,Sat,17:30,Arsenal,Newcastle United,1–0,Emirates Stadium,60204,Samuel Barrott,/en/matches/aaff013b/Arsenal-Newcastle-United-April-25-2026-Premier-League
ENG-Premier League,2526,2026-04-25 Arsenal-Newcastle United,Arsenal,Myles Lewis-Skelly,49,ENG,DF,19-211,10,0,0,0,0,0,0,0,0,0,0,0,0,0,0,0,0,0,aaff013b,4/25/2026,34,Sat,17:30,Arsenal,Newcastle United,1–0,Emirates Stadium,60204,Samuel Barrott,/en/matches/aaff013b/Arsenal-Newcastle-United-April-25-2026-Premier-League
ENG-Premier League,2526,2026-04-25 Arsenal-Newcastle United,Arsenal,Noni Madueke,20,ENG,FW,24-046,80,0,0,0,0,2,1,0,0,0,0,1,3,0,0,0,0,0,aaff013b,4/25/2026,34,Sat,17:30,Arsenal,Newcastle United,1–0,Emirates Stadium,60204,Samuel Barrott,/en/matches/aaff013b/Arsenal-Newcastle-United-April-25-2026-Premier-League
ENG-Premier League,2526,2026-04-25 Arsenal-Newcastle United,Arsenal,Piero Hincapié,5,ECU,LB,24-106,90,0,0,0,0,0,0,0,0,2,2,1,1,2,4,0,0,0,aaff013b,4/25/2026,34,Sat,17:30,Arsenal,Newcastle United,1–0,Emirates Stadium,60204,Samuel Barrott,/en/matches/aaff013b/Arsenal-Newcastle-United-April-25-2026-Premier-League
ENG-Premier League,2526,2026-04-25 Arsenal-Newcastle United,Arsenal,Viktor Gyökeres,14,SWE,"FW,MF",27-325,57,0,0,0,0,1,0,0,0,2,2,0,0,0,0,0,0,0,aaff013b,4/25/2026,34,Sat,17:30,Arsenal,Newcastle United,1–0,Emirates Stadium,60204,Samuel Barrott,/en/matches/aaff013b/Arsenal-Newcastle-United-April-25-2026-Premier-League
ENG-Premier League,2526,2026-04-25 Arsenal-Newcastle United,Arsenal,William Saliba,2,FRA,CB,25-032,90,0,0,0,0,0,0,0,0,2,0,0,0,1,1,0,0,0,aaff013b,4/25/2026,34,Sat,17:30,Arsenal,Newcastle United,1–0,Emirates Stadium,60204,Samuel Barrott,/en/matches/aaff013b/Arsenal-Newcastle-United-April-25-2026-Premier-League
ENG-Premier League,2526,2026-05-02 Arsenal-Fulham,Arsenal,Ben White,4,ENG,RB,28-206,82,0,0,0,0,0,0,0,0,0,0,1,0,0,3,0,0,0,136b19eb,5/2/2026,35,Sat,17:30,Arsenal,Fulham,3–0,Emirates Stadium,60196,Jarred Gillett,/en/matches/136b19eb/Arsenal-Fulham-May-2-2026-Premier-League
ENG-Premier League,2526,2026-05-02 Arsenal-Fulham,Arsenal,Bukayo Saka,7,ENG,AM,24-239,45,1,1,0,0,2,1,0,0,0,0,0,2,0,0,0,0,0,136b19eb,5/2/2026,35,Sat,17:30,Arsenal,Fulham,3–0,Emirates Stadium,60196,Jarred Gillett,/en/matches/136b19eb/Arsenal-Fulham-May-2-2026-Premier-League
ENG-Premier League,2526,2026-05-02 Arsenal-Fulham,Arsenal,Cristhian Mosquera,3,ESP,DF,21-309,8,0,0,0,0,0,0,0,0,1,0,0,0,0,0,0,0,0,136b19eb,5/2/2026,35,Sat,17:30,Arsenal,Fulham,3–0,Emirates Stadium,60196,Jarred Gillett,/en/matches/136b19eb/Arsenal-Fulham-May-2-2026-Premier-League
ENG-Premier League,2526,2026-05-02 Arsenal-Fulham,Arsenal,David Raya,1,ESP,GK,30-229,90,0,0,0,0,0,0,0,0,0,0,0,0,0,0,0,0,0,136b19eb,5/2/2026,35,Sat,17:30,Arsenal,Fulham,3–0,Emirates Stadium,60196,Jarred Gillett,/en/matches/136b19eb/Arsenal-Fulham-May-2-2026-Premier-League
ENG-Premier League,2526,2026-05-02 Arsenal-Fulham,Arsenal,Declan Rice,41,ENG,DM,27-108,63,0,0,0,0,0,0,0,0,2,1,0,3,0,2,0,0,0,136b19eb,5/2/2026,35,Sat,17:30,Arsenal,Fulham,3–0,Emirates Stadium,60196,Jarred Gillett,/en/matches/136b19eb/Arsenal-Fulham-May-2-2026-Premier-League
ENG-Premier League,2526,2026-05-02 Arsenal-Fulham,Arsenal,Eberechi Eze,10,ENG,AM,27-307,77,0,0,0,0,3,0,0,0,0,1,0,0,0,0,0,0,0,136b19eb,5/2/2026,35,Sat,17:30,Arsenal,Fulham,3–0,Emirates Stadium,60196,Jarred Gillett,/en/matches/136b19eb/Arsenal-Fulham-May-2-2026-Premier-League
ENG-Premier League,2526,2026-05-02 Arsenal-Fulham,Arsenal,Gabriel Jesus,9,BRA,"FW,MF",29-029,27,0,0,0,0,0,0,0,0,0,0,2,0,0,1,0,0,0,136b19eb,5/2/2026,35,Sat,17:30,Arsenal,Fulham,3–0,Emirates Stadium,60196,Jarred Gillett,/en/matches/136b19eb/Arsenal-Fulham-May-2-2026-Premier-League
ENG-Premier League,2526,2026-05-02 Arsenal-Fulham,Arsenal,Gabriel Magalhães,6,BRA,CB,28-134,90,0,0,0,0,3,1,0,0,0,1,0,0,1,2,0,0,0,136b19eb,5/2/2026,35,Sat,17:30,Arsenal,Fulham,3–0,Emirates Stadium,60196,Jarred Gillett,/en/matches/136b19eb/Arsenal-Fulham-May-2-2026-Premier-League
ENG-Premier League,2526,2026-05-02 Arsenal-Fulham,Arsenal,Leandro Trossard,19,BEL,AM,31-149,90,0,1,0,0,4,2,0,0,0,2,0,1,0,0,0,0,0,136b19eb,5/2/2026,35,Sat,17:30,Arsenal,Fulham,3–0,Emirates Stadium,60196,Jarred Gillett,/en/matches/136b19eb/Arsenal-Fulham-May-2-2026-Premier-League
ENG-Premier League,2526,2026-05-02 Arsenal-Fulham,Arsenal,Martín Zubimendi,36,ESP,MF,27-089,27,0,0,0,0,0,0,0,0,1,0,0,0,2,0,0,0,0,136b19eb,5/2/2026,35,Sat,17:30,Arsenal,Fulham,3–0,Emirates Stadium,60196,Jarred Gillett,/en/matches/136b19eb/Arsenal-Fulham-May-2-2026-Premier-League
ENG-Premier League,2526,2026-05-02 Arsenal-Fulham,Arsenal,Max Dowman,56,ENG,MF,16-122,13,0,0,0,0,1,0,0,0,0,1,0,0,0,1,0,0,0,136b19eb,5/2/2026,35,Sat,17:30,Arsenal,Fulham,3–0,Emirates Stadium,60196,Jarred Gillett,/en/matches/136b19eb/Arsenal-Fulham-May-2-2026-Premier-League
ENG-Premier League,2526,2026-05-02 Arsenal-Fulham,Arsenal,Myles Lewis-Skelly,49,ENG,DM,19-218,90,0,0,0,0,0,0,0,0,0,4,0,0,0,1,0,0,0,136b19eb,5/2/2026,35,Sat,17:30,Arsenal,Fulham,3–0,Emirates Stadium,60196,Jarred Gillett,/en/matches/136b19eb/Arsenal-Fulham-May-2-2026-Premier-League
ENG-Premier League,2526,2026-05-02 Arsenal-Fulham,Arsenal,Noni Madueke,20,ENG,"FW,MF",24-053,45,0,0,0,0,0,0,0,0,2,1,1,3,0,0,0,0,0,136b19eb,5/2/2026,35,Sat,17:30,Arsenal,Fulham,3–0,Emirates Stadium,60196,Jarred Gillett,/en/matches/136b19eb/Arsenal-Fulham-May-2-2026-Premier-League
ENG-Premier League,2526,2026-05-02 Arsenal-Fulham,Arsenal,Riccardo Calafiori,33,ITA,LB,23-348,90,0,0,0,0,1,1,0,0,0,0,2,0,1,0,0,0,0,136b19eb,5/2/2026,35,Sat,17:30,Arsenal,Fulham,3–0,Emirates Stadium,60196,Jarred Gillett,/en/matches/136b19eb/Arsenal-Fulham-May-2-2026-Premier-League
ENG-Premier League,2526,2026-05-02 Arsenal-Fulham,Arsenal,Viktor Gyökeres,14,SWE,FW,27-332,63,2,1,0,0,4,4,0,0,0,1,1,0,0,0,0,0,0,136b19eb,5/2/2026,35,Sat,17:30,Arsenal,Fulham,3–0,Emirates Stadium,60196,Jarred Gillett,/en/matches/136b19eb/Arsenal-Fulham-May-2-2026-Premier-League
ENG-Premier League,2526,2026-05-02 Arsenal-Fulham,Arsenal,William Saliba,2,FRA,CB,25-039,90,0,0,0,0,0,0,0,0,1,0,0,0,0,0,0,0,0,136b19eb,5/2/2026,35,Sat,17:30,Arsenal,Fulham,3–0,Emirates Stadium,60196,Jarred Gillett,/en/matches/136b19eb/Arsenal-Fulham-May-2-2026-Premier-League
ENG-Premier League,2526,2026-05-10 West Ham United-Arsenal,Arsenal,Ben White,4,ENG,RB,28-214,27,0,0,0,0,0,0,0,0,0,0,0,1,0,0,0,0,0,6d9cd398,5/10/2026,36,Sun,16:30,West Ham United,Arsenal,0–1,London Stadium,60429,Chris Kavanagh,/en/matches/6d9cd398/West-Ham-United-Arsenal-May-10-2026-Premier-League
ENG-Premier League,2526,2026-05-10 West Ham United-Arsenal,Arsenal,Bukayo Saka,7,ENG,AM,24-247,79,0,0,0,0,2,0,1,0,2,0,0,4,0,0,0,0,0,6d9cd398,5/10/2026,36,Sun,16:30,West Ham United,Arsenal,0–1,London Stadium,60429,Chris Kavanagh,/en/matches/6d9cd398/West-Ham-United-Arsenal-May-10-2026-Premier-League
ENG-Premier League,2526,2026-05-10 West Ham United-Arsenal,Arsenal,Cristhian Mosquera,3,ESP,DF,21-317,45,0,0,0,0,0,0,1,0,2,1,0,0,0,0,0,0,0,6d9cd398,5/10/2026,36,Sun,16:30,West Ham United,Arsenal,0–1,London Stadium,60429,Chris Kavanagh,/en/matches/6d9cd398/West-Ham-United-Arsenal-May-10-2026-Premier-League
ENG-Premier League,2526,2026-05-10 West Ham United-Arsenal,Arsenal,David Raya,1,ESP,GK,30-237,90,0,0,0,0,0,0,0,0,0,1,0,0,0,0,0,0,0,6d9cd398,5/10/2026,36,Sun,16:30,West Ham United,Arsenal,0–1,London Stadium,60429,Chris Kavanagh,/en/matches/6d9cd398/West-Ham-United-Arsenal-May-10-2026-Premier-League
ENG-Premier League,2526,2026-05-10 West Ham United-Arsenal,Arsenal,Declan Rice,41,ENG,DM,27-116,90,0,0,0,0,0,0,0,0,0,1,0,8,0,1,0,0,0,6d9cd398,5/10/2026,36,Sun,16:30,West Ham United,Arsenal,0–1,London Stadium,60429,Chris Kavanagh,/en/matches/6d9cd398/West-Ham-United-Arsenal-May-10-2026-Premier-League
ENG-Premier League,2526,2026-05-10 West Ham United-Arsenal,Arsenal,Eberechi Eze,10,ENG,AM,27-315,66,0,0,0,0,3,0,0,0,0,1,0,0,0,0,0,0,0,6d9cd398,5/10/2026,36,Sun,16:30,West Ham United,Arsenal,0–1,London Stadium,60429,Chris Kavanagh,/en/matches/6d9cd398/West-Ham-United-Arsenal-May-10-2026-Premier-League
ENG-Premier League,2526,2026-05-10 West Ham United-Arsenal,Arsenal,Gabriel Magalhães,6,BRA,CB,28-142,90,0,0,0,0,2,1,0,0,0,1,0,0,0,1,0,0,0,6d9cd398,5/10/2026,36,Sun,16:30,West Ham United,Arsenal,0–1,London Stadium,60429,Chris Kavanagh,/en/matches/6d9cd398/West-Ham-United-Arsenal-May-10-2026-Premier-League
ENG-Premier League,2526,2026-05-10 West Ham United-Arsenal,Arsenal,Kai Havertz,29,GER,"FW,MF",26-333,24,0,0,0,0,0,0,0,0,1,0,0,1,2,0,0,0,0,6d9cd398,5/10/2026,36,Sun,16:30,West Ham United,Arsenal,0–1,London Stadium,60429,Chris Kavanagh,/en/matches/6d9cd398/West-Ham-United-Arsenal-May-10-2026-Premier-League
ENG-Premier League,2526,2026-05-10 West Ham United-Arsenal,Arsenal,Leandro Trossard,19,BEL,AM,31-157,90,1,0,0,0,3,2,1,0,0,3,0,2,0,0,0,0,0,6d9cd398,5/10/2026,36,Sun,16:30,West Ham United,Arsenal,0–1,London Stadium,60429,Chris Kavanagh,/en/matches/6d9cd398/West-Ham-United-Arsenal-May-10-2026-Premier-League
ENG-Premier League,2526,2026-05-10 West Ham United-Arsenal,Arsenal,Martin Ødegaard,8,NOR,"FW,MF",27-144,24,0,1,0,0,0,0,0,0,0,0,0,0,0,0,0,0,0,6d9cd398,5/10/2026,36,Sun,16:30,West Ham United,Arsenal,0–1,London Stadium,60429,Chris Kavanagh,/en/matches/6d9cd398/West-Ham-United-Arsenal-May-10-2026-Premier-League
ENG-Premier League,2526,2026-05-10 West Ham United-Arsenal,Arsenal,Martín Zubimendi,36,ESP,MF,27-097,39,0,0,0,0,0,0,0,0,1,1,0,0,0,0,0,0,0,6d9cd398,5/10/2026,36,Sun,16:30,West Ham United,Arsenal,0–1,London Stadium,60429,Chris Kavanagh,/en/matches/6d9cd398/West-Ham-United-Arsenal-May-10-2026-Premier-League
ENG-Premier League,2526,2026-05-10 West Ham United-Arsenal,Arsenal,Myles Lewis-Skelly,49,ENG,DM,19-226,90,0,0,0,0,0,0,0,0,1,1,0,0,0,0,0,0,0,6d9cd398,5/10/2026,36,Sun,16:30,West Ham United,Arsenal,0–1,London Stadium,60429,Chris Kavanagh,/en/matches/6d9cd398/West-Ham-United-Arsenal-May-10-2026-Premier-League
ENG-Premier League,2526,2026-05-10 West Ham United-Arsenal,Arsenal,Noni Madueke,20,ENG,"FW,MF",24-061,11,0,0,0,0,0,0,0,0,0,0,0,1,0,1,0,0,0,6d9cd398,5/10/2026,36,Sun,16:30,West Ham United,Arsenal,0–1,London Stadium,60429,Chris Kavanagh,/en/matches/6d9cd398/West-Ham-United-Arsenal-May-10-2026-Premier-League
ENG-Premier League,2526,2026-05-10 West Ham United-Arsenal,Arsenal,Riccardo Calafiori,33,ITA,LB,23-356,45,0,0,0,0,3,1,0,0,1,0,0,0,0,0,0,0,0,6d9cd398,5/10/2026,36,Sun,16:30,West Ham United,Arsenal,0–1,London Stadium,60429,Chris Kavanagh,/en/matches/6d9cd398/West-Ham-United-Arsenal-May-10-2026-Premier-League
ENG-Premier League,2526,2026-05-10 West Ham United-Arsenal,Arsenal,Viktor Gyökeres,14,SWE,FW,27-340,90,0,0,0,0,2,0,0,0,3,3,0,0,0,0,0,0,0,6d9cd398,5/10/2026,36,Sun,16:30,West Ham United,Arsenal,0–1,London Stadium,60429,Chris Kavanagh,/en/matches/6d9cd398/West-Ham-United-Arsenal-May-10-2026-Premier-League
ENG-Premier League,2526,2026-05-10 West Ham United-Arsenal,Arsenal,William Saliba,2,FRA,CB,25-047,90,0,0,0,0,0,0,1,0,1,1,0,0,2,0,0,0,0,6d9cd398,5/10/2026,36,Sun,16:30,West Ham United,Arsenal,0–1,London Stadium,60429,Chris Kavanagh,/en/matches/6d9cd398/West-Ham-United-Arsenal-May-10-2026-Premier-League
ENG-Premier League,2526,2026-05-18 Arsenal-Burnley,Arsenal,Bukayo Saka,7,ENG,FW,24-255,90,0,1,0,0,3,0,0,0,2,3,0,3,4,1,0,0,0,8363c605,5/18/2026,37,Mon,20:00,Arsenal,Burnley,1–0,Emirates Stadium,60274,Paul Tierney,/en/matches/8363c605/Arsenal-Burnley-May-18-2026-Premier-League
ENG-Premier League,2526,2026-05-18 Arsenal-Burnley,Arsenal,Cristhian Mosquera,3,ESP,RB,21-325,90,0,0,0,0,0,0,0,0,1,2,0,2,2,0,0,0,0,8363c605,5/18/2026,37,Mon,20:00,Arsenal,Burnley,1–0,Emirates Stadium,60274,Paul Tierney,/en/matches/8363c605/Arsenal-Burnley-May-18-2026-Premier-League
ENG-Premier League,2526,2026-05-18 Arsenal-Burnley,Arsenal,David Raya,1,ESP,GK,30-245,90,0,0,0,0,0,0,0,0,0,1,0,0,0,0,0,0,0,8363c605,5/18/2026,37,Mon,20:00,Arsenal,Burnley,1–0,Emirates Stadium,60274,Paul Tierney,/en/matches/8363c605/Arsenal-Burnley-May-18-2026-Premier-League
ENG-Premier League,2526,2026-05-18 Arsenal-Burnley,Arsenal,Declan Rice,41,ENG,CM,27-124,90,0,0,0,0,0,0,0,0,0,1,0,4,2,1,0,0,0,8363c605,5/18/2026,37,Mon,20:00,Arsenal,Burnley,1–0,Emirates Stadium,60274,Paul Tierney,/en/matches/8363c605/Arsenal-Burnley-May-18-2026-Premier-League
ENG-Premier League,2526,2026-05-18 Arsenal-Burnley,Arsenal,Eberechi Eze,10,ENG,CM,27-323,72,0,0,0,0,3,2,0,0,0,4,0,0,0,0,0,0,0,8363c605,5/18/2026,37,Mon,20:00,Arsenal,Burnley,1–0,Emirates Stadium,60274,Paul Tierney,/en/matches/8363c605/Arsenal-Burnley-May-18-2026-Premier-League
ENG-Premier League,2526,2026-05-18 Arsenal-Burnley,Arsenal,Gabriel Magalhães,6,BRA,CB,28-150,90,0,0,0,0,1,0,0,0,2,2,0,0,0,0,0,0,0,8363c605,5/18/2026,37,Mon,20:00,Arsenal,Burnley,1–0,Emirates Stadium,60274,Paul Tierney,/en/matches/8363c605/Arsenal-Burnley-May-18-2026-Premier-League
ENG-Premier League,2526,2026-05-18 Arsenal-Burnley,Arsenal,Gabriel Martinelli,11,BRA,"FW,MF",24-334,1,0,0,0,0,0,0,0,0,0,0,0,0,0,0,0,0,0,8363c605,5/18/2026,37,Mon,20:00,Arsenal,Burnley,1–0,Emirates Stadium,60274,Paul Tierney,/en/matches/8363c605/Arsenal-Burnley-May-18-2026-Premier-League
ENG-Premier League,2526,2026-05-18 Arsenal-Burnley,Arsenal,Kai Havertz,29,GER,FW,26-341,72,1,0,0,0,3,1,1,0,1,0,1,2,0,0,0,0,0,8363c605,5/18/2026,37,Mon,20:00,Arsenal,Burnley,1–0,Emirates Stadium,60274,Paul Tierney,/en/matches/8363c605/Arsenal-Burnley-May-18-2026-Premier-League
ENG-Premier League,2526,2026-05-18 Arsenal-Burnley,Arsenal,Leandro Trossard,19,BEL,FW,31-165,89,0,0,0,0,2,0,0,0,0,0,0,1,0,0,0,0,0,8363c605,5/18/2026,37,Mon,20:00,Arsenal,Burnley,1–0,Emirates Stadium,60274,Paul Tierney,/en/matches/8363c605/Arsenal-Burnley-May-18-2026-Premier-League
ENG-Premier League,2526,2026-05-18 Arsenal-Burnley,Arsenal,Martin Ødegaard,8,NOR,CM,27-152,89,0,0,0,0,1,0,0,0,0,2,0,0,0,0,0,0,0,8363c605,5/18/2026,37,Mon,20:00,Arsenal,Burnley,1–0,Emirates Stadium,60274,Paul Tierney,/en/matches/8363c605/Arsenal-Burnley-May-18-2026-Premier-League
ENG-Premier League,2526,2026-05-18 Arsenal-Burnley,Arsenal,Martín Zubimendi,36,ESP,MF,27-105,1,0,0,0,0,0,0,0,0,0,0,0,0,0,0,0,0,0,8363c605,5/18/2026,37,Mon,20:00,Arsenal,Burnley,1–0,Emirates Stadium,60274,Paul Tierney,/en/matches/8363c605/Arsenal-Burnley-May-18-2026-Premier-League
ENG-Premier League,2526,2026-05-18 Arsenal-Burnley,Arsenal,Myles Lewis-Skelly,49,ENG,DF,19-234,18,0,0,0,0,0,0,0,0,1,1,0,0,0,0,0,0,0,8363c605,5/18/2026,37,Mon,20:00,Arsenal,Burnley,1–0,Emirates Stadium,60274,Paul Tierney,/en/matches/8363c605/Arsenal-Burnley-May-18-2026-Premier-League
ENG-Premier League,2526,2026-05-18 Arsenal-Burnley,Arsenal,Piero Hincapié,5,ECU,DF,24-129,19,0,0,0,0,0,0,0,0,0,0,0,1,1,0,0,0,0,8363c605,5/18/2026,37,Mon,20:00,Arsenal,Burnley,1–0,Emirates Stadium,60274,Paul Tierney,/en/matches/8363c605/Arsenal-Burnley-May-18-2026-Premier-League
ENG-Premier League,2526,2026-05-18 Arsenal-Burnley,Arsenal,Riccardo Calafiori,33,ITA,LB,23-364,71,0,0,0,0,0,0,0,0,0,0,0,0,0,0,0,0,0,8363c605,5/18/2026,37,Mon,20:00,Arsenal,Burnley,1–0,Emirates Stadium,60274,Paul Tierney,/en/matches/8363c605/Arsenal-Burnley-May-18-2026-Premier-League
ENG-Premier League,2526,2026-05-18 Arsenal-Burnley,Arsenal,Viktor Gyökeres,14,SWE,"FW,MF",27-348,18,0,0,0,0,0,0,0,0,0,0,0,0,0,0,0,0,0,8363c605,5/18/2026,37,Mon,20:00,Arsenal,Burnley,1–0,Emirates Stadium,60274,Paul Tierney,/en/matches/8363c605/Arsenal-Burnley-May-18-2026-Premier-League
ENG-Premier League,2526,2026-05-18 Arsenal-Burnley,Arsenal,William Saliba,2,FRA,CB,25-055,90,0,0,0,0,0,0,0,0,0,0,0,0,0,0,0,0,0,8363c605,5/18/2026,37,Mon,20:00,Arsenal,Burnley,1–0,Emirates Stadium,60274,Paul Tierney,/en/matches/8363c605/Arsenal-Burnley-May-18-2026-Premier-League
ENG-Premier League,2526,2026-05-24 Crystal Palace-Arsenal,Arsenal,Christian Nørgaard,16,DEN,DM,32-075,45,0,0,0,0,1,0,0,0,2,0,0,1,2,1,0,0,0,d0233f18,5/24/2026,38,Sun,16:00,Crystal Palace,Arsenal,1–2,Selhurst Park,25192,Farai Hallam,/en/matches/d0233f18/Crystal-Palace-Arsenal-May-24-2026-Premier-League
ENG-Premier League,2526,2026-05-24 Crystal Palace-Arsenal,Arsenal,Cristhian Mosquera,3,ESP,CB,21-331,90,0,0,0,0,0,0,0,0,1,0,0,0,0,0,0,0,0,d0233f18,5/24/2026,38,Sun,16:00,Crystal Palace,Arsenal,1–2,Selhurst Park,25192,Farai Hallam,/en/matches/d0233f18/Crystal-Palace-Arsenal-May-24-2026-Premier-League
ENG-Premier League,2526,2026-05-24 Crystal Palace-Arsenal,Arsenal,Eberechi Eze,10,ENG,"FW,MF",27-329,16,0,0,0,0,1,1,0,0,0,0,0,0,1,1,0,0,0,d0233f18,5/24/2026,38,Sun,16:00,Crystal Palace,Arsenal,1–2,Selhurst Park,25192,Farai Hallam,/en/matches/d0233f18/Crystal-Palace-Arsenal-May-24-2026-Premier-League
ENG-Premier League,2526,2026-05-24 Crystal Palace-Arsenal,Arsenal,Gabriel Jesus,9,BRA,FW,29-051,74,1,0,0,0,4,2,1,0,3,0,0,0,0,0,0,0,0,d0233f18,5/24/2026,38,Sun,16:00,Crystal Palace,Arsenal,1–2,Selhurst Park,25192,Farai Hallam,/en/matches/d0233f18/Crystal-Palace-Arsenal-May-24-2026-Premier-League
ENG-Premier League,2526,2026-05-24 Crystal Palace-Arsenal,Arsenal,Gabriel Magalhães,6,BRA,DF,28-156,45,0,0,0,0,0,0,0,0,1,1,0,0,0,0,0,0,0,d0233f18,5/24/2026,38,Sun,16:00,Crystal Palace,Arsenal,1–2,Selhurst Park,25192,Farai Hallam,/en/matches/d0233f18/Crystal-Palace-Arsenal-May-24-2026-Premier-League
ENG-Premier League,2526,2026-05-24 Crystal Palace-Arsenal,Arsenal,Gabriel Martinelli,11,BRA,AM,24-340,90,0,1,0,0,1,1,0,0,0,1,0,6,0,0,0,0,0,d0233f18,5/24/2026,38,Sun,16:00,Crystal Palace,Arsenal,1–2,Selhurst Park,25192,Farai Hallam,/en/matches/d0233f18/Crystal-Palace-Arsenal-May-24-2026-Premier-League
ENG-Premier League,2526,2026-05-24 Crystal Palace-Arsenal,Arsenal,Kai Havertz,29,GER,"FW,MF",26-347,45,0,1,0,0,3,0,0,0,1,0,0,0,0,1,0,0,0,d0233f18,5/24/2026,38,Sun,16:00,Crystal Palace,Arsenal,1–2,Selhurst Park,25192,Farai Hallam,/en/matches/d0233f18/Crystal-Palace-Arsenal-May-24-2026-Premier-League
ENG-Premier League,2526,2026-05-24 Crystal Palace-Arsenal,Arsenal,Kepa Arrizabalaga,13,ESP,GK,31-233,90,0,0,0,0,0,0,0,0,0,0,0,0,0,0,0,0,0,d0233f18,5/24/2026,38,Sun,16:00,Crystal Palace,Arsenal,1–2,Selhurst Park,25192,Farai Hallam,/en/matches/d0233f18/Crystal-Palace-Arsenal-May-24-2026-Premier-League
ENG-Premier League,2526,2026-05-24 Crystal Palace-Arsenal,Arsenal,Martín Zubimendi,36,ESP,RB,27-111,90,0,0,0,0,0,0,0,0,1,1,0,1,0,0,0,0,0,d0233f18,5/24/2026,38,Sun,16:00,Crystal Palace,Arsenal,1–2,Selhurst Park,25192,Farai Hallam,/en/matches/d0233f18/Crystal-Palace-Arsenal-May-24-2026-Premier-League
ENG-Premier League,2526,2026-05-24 Crystal Palace-Arsenal,Arsenal,Max Dowman,56,ENG,AM,16-144,61,0,0,0,0,0,0,0,0,1,1,0,0,0,0,0,0,0,d0233f18,5/24/2026,38,Sun,16:00,Crystal Palace,Arsenal,1–2,Selhurst Park,25192,Farai Hallam,/en/matches/d0233f18/Crystal-Palace-Arsenal-May-24-2026-Premier-League
ENG-Premier League,2526,2026-05-24 Crystal Palace-Arsenal,Arsenal,Mikel Merino,23,ESP,MF,29-336,29,0,0,0,0,1,0,0,0,1,0,0,0,0,0,0,0,0,d0233f18,5/24/2026,38,Sun,16:00,Crystal Palace,Arsenal,1–2,Selhurst Park,25192,Farai Hallam,/en/matches/d0233f18/Crystal-Palace-Arsenal-May-24-2026-Premier-League
ENG-Premier League,2526,2026-05-24 Crystal Palace-Arsenal,Arsenal,Myles Lewis-Skelly,49,ENG,DM,19-240,90,0,0,0,0,0,0,0,0,1,4,0,0,0,1,0,0,0,d0233f18,5/24/2026,38,Sun,16:00,Crystal Palace,Arsenal,1–2,Selhurst Park,25192,Farai Hallam,/en/matches/d0233f18/Crystal-Palace-Arsenal-May-24-2026-Premier-League
ENG-Premier League,2526,2026-05-24 Crystal Palace-Arsenal,Arsenal,Noni Madueke,20,ENG,AM,24-075,82,1,0,0,0,4,2,0,0,0,0,0,3,0,0,0,0,0,d0233f18,5/24/2026,38,Sun,16:00,Crystal Palace,Arsenal,1–2,Selhurst Park,25192,Farai Hallam,/en/matches/d0233f18/Crystal-Palace-Arsenal-May-24-2026-Premier-League
ENG-Premier League,2526,2026-05-24 Crystal Palace-Arsenal,Arsenal,Piero Hincapié,5,ECU,CB,24-135,90,0,0,0,0,1,1,0,0,0,0,0,1,0,2,0,0,0,d0233f18,5/24/2026,38,Sun,16:00,Crystal Palace,Arsenal,1–2,Selhurst Park,25192,Farai Hallam,/en/matches/d0233f18/Crystal-Palace-Arsenal-May-24-2026-Premier-League
ENG-Premier League,2526,2026-05-24 Crystal Palace-Arsenal,Arsenal,Riccardo Calafiori,33,ITA,LB,24-005,45,0,0,0,0,0,0,0,0,0,1,0,0,0,0,0,0,0,d0233f18,5/24/2026,38,Sun,16:00,Crystal Palace,Arsenal,1–2,Selhurst Park,25192,Farai Hallam,/en/matches/d0233f18/Crystal-Palace-Arsenal-May-24-2026-Premier-League
ENG-Premier League,2526,2026-05-24 Crystal Palace-Arsenal,Arsenal,Viktor Gyökeres,14,SWE,"FW,MF",27-354,8,0,0,0,0,1,0,0,0,0,0,0,1,0,0,0,0,0,d0233f18,5/24/2026,38,Sun,16:00,Crystal Palace,Arsenal,1–2,Selhurst Park,25192,Farai Hallam,/en/matches/d0233f18/Crystal-Palace-Arsenal-May-24-2026-Premier-League
